Loreforge v2.18.0 no ar. Abra no navegador:  http://localhost:8777
(mundo: /home/rcorbellini/loreforge/loreforge-world/tardenia) — Ctrl+C para parar.
(Árbitro: ollama · modelo llama3.1:8b · tools auto)
⚠ 1002 arquivo(s) do mundo com schema inválido (ignorados no jogo):
   - costa-de-ferro/porto-negro/forja-de-ferro/renn-trovador/alaude-remendado/item.md: id duplicado: o mesmo id em costa-de-ferro/porto-negro/taverna-do-gancho/alaude-remendado/item.md — quem gravar por último apaga o outro
   - costa-de-ferro/porto-negro/taverna-do-gancho/alaude-remendado/item.md: id duplicado: o mesmo id em costa-de-ferro/porto-negro/forja-de-ferro/renn-trovador/alaude-remendado/item.md — quem gravar por último apaga o outro
   - costa-de-ferro/porto-negro/forja-de-ferro/renn-trovador/aticador-de-ferro/item.md: id duplicado: o mesmo id em costa-de-ferro/porto-negro/taverna-do-gancho/renn-trovador/aticador-de-ferro/item.md — quem gravar por último apaga o outro
   - costa-de-ferro/porto-negro/taverna-do-gancho/renn-trovador/aticador-de-ferro/item.md: id duplicado: o mesmo id em costa-de-ferro/porto-negro/forja-de-ferro/renn-trovador/aticador-de-ferro/item.md — quem gravar por último apaga o outro
   - costa-de-ferro/porto-negro/praca-do-mercado/obadiah-mascate/bolsa-de-cobres/item.md: id duplicado: o mesmo id em costa-de-ferro/vau-de-pedra/estalagem-do-vau/obadiah-mascate/bolsa-de-cobres/item.md — quem gravar por último apaga o outro
   - costa-de-ferro/vau-de-pedra/estalagem-do-vau/obadiah-mascate/bolsa-de-cobres/item.md: id duplicado: o mesmo id em costa-de-ferro/porto-negro/praca-do-mercado/obadiah-mascate/bolsa-de-cobres/item.md — quem gravar por último apaga o outro
   - costa-de-ferro/porto-negro/forja-de-ferro/torvin-ferreiro/bolsa-de-couro/item.md: id duplicado: o mesmo id em costa-de-ferro/porto-negro/praca-do-mercado/torvin-ferreiro/bolsa-de-couro/item.md — quem gravar por último apaga o outro
   - costa-de-ferro/porto-negro/praca-do-mercado/torvin-ferreiro/bolsa-de-couro/item.md: id duplicado: o mesmo id em costa-de-ferro/porto-negro/forja-de-ferro/torvin-ferreiro/bolsa-de-couro/item.md — quem gravar por último apaga o outro
   - costa-de-ferro/porto-negro/praca-do-mercado/obadiah-mascate/caixa-de-tramoias/botas-remendadas/item.md: id duplicado: o mesmo id em costa-de-ferro/vau-de-pedra/estalagem-do-vau/obadiah-mascate/caixa-de-tramoias/botas-remendadas/item.md — quem gravar por último apaga o outro
   - costa-de-ferro/vau-de-pedra/estalagem-do-vau/obadiah-mascate/caixa-de-tramoias/botas-remendadas/item.md: id duplicado: o mesmo id em costa-de-ferro/porto-negro/praca-do-mercado/obadiah-mascate/caixa-de-tramoias/botas-remendadas/item.md — quem gravar por último apaga o outro
   - costa-de-ferro/porto-negro/taverna-do-gancho/bram-pescador/character.md: id duplicado: o mesmo id em costa-de-ferro/porto-negro/torre-da-vigilia/bram-pescador/character.md — quem gravar por último apaga o outro
   - costa-de-ferro/porto-negro/torre-da-vigilia/bram-pescador/character.md: id duplicado: o mesmo id em costa-de-ferro/porto-negro/taverna-do-gancho/bram-pescador/character.md — quem gravar por último apaga o outro
   - costa-de-ferro/porto-negro/bramm-estivador-mor/character.md: id duplicado: o mesmo id em costa-de-ferro/porto-negro/praca-do-mercado/bramm-estivador-mor/character.md — quem gravar por último apaga o outro
   - costa-de-ferro/porto-negro/praca-do-mercado/bramm-estivador-mor/character.md: id duplicado: o mesmo id em costa-de-ferro/porto-negro/bramm-estivador-mor/character.md — quem gravar por último apaga o outro
   - costa-de-ferro/porto-negro/praca-do-mercado/obadiah-mascate/caixa-de-tramoias/item.md: id duplicado: o mesmo id em costa-de-ferro/vau-de-pedra/estalagem-do-vau/obadiah-mascate/caixa-de-tramoias/item.md — quem gravar por último apaga o outro
   - costa-de-ferro/vau-de-pedra/estalagem-do-vau/obadiah-mascate/caixa-de-tramoias/item.md: id duplicado: o mesmo id em costa-de-ferro/porto-negro/praca-do-mercado/obadiah-mascate/caixa-de-tramoias/item.md — quem gravar por último apaga o outro
   - costa-de-ferro/porto-negro/forja-de-ferro/caneca-de-peltre-amassada/item.md: id duplicado: o mesmo id em costa-de-ferro/porto-negro/taverna-do-gancho/bram-pescador/caneca-de-peltre-amassada/item.md — quem gravar por último apaga o outro
   - costa-de-ferro/porto-negro/taverna-do-gancho/bram-pescador/caneca-de-peltre-amassada/item.md: id duplicado: o mesmo id em costa-de-ferro/porto-negro/forja-de-ferro/caneca-de-peltre-amassada/item.md — quem gravar por último apaga o outro
   - costa-de-ferro/porto-negro/praca-do-mercado/sarga-contrabandista/carta-do-contrabandista/item.md: id duplicado: o mesmo id em costa-de-ferro/porto-negro/sarga-contrabandista/carta-do-contrabandista/item.md — quem gravar por último apaga o outro
   - costa-de-ferro/porto-negro/sarga-contrabandista/carta-do-contrabandista/item.md: id duplicado: o mesmo id em costa-de-ferro/porto-negro/praca-do-mercado/sarga-contrabandista/carta-do-contrabandista/item.md — quem gravar por último apaga o outro
   - costa-de-ferro/porto-negro/forja-de-ferro/renn-trovador/alaude-remendado/carta-nao-entregue/item.md: id duplicado: o mesmo id em costa-de-ferro/porto-negro/taverna-do-gancho/alaude-remendado/carta-nao-entregue/item.md — quem gravar por último apaga o outro
   - costa-de-ferro/porto-negro/taverna-do-gancho/alaude-remendado/carta-nao-entregue/item.md: id duplicado: o mesmo id em costa-de-ferro/porto-negro/forja-de-ferro/renn-trovador/alaude-remendado/carta-nao-entregue/item.md — quem gravar por último apaga o outro
   - costa-de-ferro/porto-negro/taverna-do-gancho/elga-taverneira/chave-do-quarto-de-elga/item.md: id duplicado: o mesmo id em routes/rua-do-mercador/elga-taverneira/chave-do-quarto-de-elga/item.md — quem gravar por último apaga o outro
   - routes/rua-do-mercador/elga-taverneira/chave-do-quarto-de-elga/item.md: id duplicado: o mesmo id em costa-de-ferro/porto-negro/taverna-do-gancho/elga-taverneira/chave-do-quarto-de-elga/item.md — quem gravar por último apaga o outro
   - costa-de-ferro/porto-negro/boticario-da-raiz-torta/nerissa-boticaria/chave-do-santuario/item.md: id duplicado: o mesmo id em costa-de-ferro/porto-negro/santuario-esquecido/irmao-tobias/chave-do-santuario/item.md — quem gravar por último apaga o outro
   - costa-de-ferro/porto-negro/santuario-esquecido/irmao-tobias/chave-do-santuario/item.md: id duplicado: o mesmo id em costa-de-ferro/porto-negro/boticario-da-raiz-torta/nerissa-boticaria/chave-do-santuario/item.md — quem gravar por último apaga o outro
   - costa-de-ferro/porto-negro/praca-do-mercado/coppo-rato-de-cais/character.md: id duplicado: o mesmo id em costa-de-ferro/porto-negro/taverna-do-gancho/coppo-rato-de-cais/character.md — quem gravar por último apaga o outro
   - costa-de-ferro/porto-negro/taverna-do-gancho/coppo-rato-de-cais/character.md: id duplicado: o mesmo id em costa-de-ferro/porto-negro/praca-do-mercado/coppo-rato-de-cais/character.md — quem gravar por último apaga o outro
   - costa-de-ferro/porto-negro/praca-do-mercado/obadiah-mascate/caixa-de-tramoias/corda-de-canhamo/item.md: id duplicado: o mesmo id em costa-de-ferro/vau-de-pedra/estalagem-do-vau/obadiah-mascate/caixa-de-tramoias/corda-de-canhamo/item.md — quem gravar por último apaga o outro
   - costa-de-ferro/vau-de-pedra/estalagem-do-vau/obadiah-mascate/caixa-de-tramoias/corda-de-canhamo/item.md: id duplicado: o mesmo id em costa-de-ferro/porto-negro/praca-do-mercado/obadiah-mascate/caixa-de-tramoias/corda-de-canhamo/item.md — quem gravar por último apaga o outro
   - costa-de-ferro/porto-negro/forja-de-ferro/torvin-ferreiro/cravos-de-ferro/item.md: id duplicado: o mesmo id em costa-de-ferro/porto-negro/praca-do-mercado/obadiah-mascate/cravos-de-ferro/item.md — quem gravar por último apaga o outro
   - costa-de-ferro/porto-negro/praca-do-mercado/obadiah-mascate/cravos-de-ferro/item.md: id duplicado: o mesmo id em costa-de-ferro/porto-negro/forja-de-ferro/torvin-ferreiro/cravos-de-ferro/item.md — quem gravar por último apaga o outro
   - costa-de-ferro/porto-negro/praca-do-mercado/doncel-bebado/character.md: id duplicado: o mesmo id em costa-de-ferro/porto-negro/taverna-do-gancho/doncel-bebado/character.md — quem gravar por último apaga o outro
   - costa-de-ferro/porto-negro/taverna-do-gancho/doncel-bebado/character.md: id duplicado: o mesmo id em costa-de-ferro/porto-negro/praca-do-mercado/doncel-bebado/character.md — quem gravar por último apaga o outro
   - costa-de-ferro/porto-negro/taverna-do-gancho/elga-taverneira/character.md: id duplicado: o mesmo id em routes/rua-do-mercador/elga-taverneira/character.md — quem gravar por último apaga o outro
   - routes/rua-do-mercador/elga-taverneira/character.md: id duplicado: o mesmo id em costa-de-ferro/porto-negro/taverna-do-gancho/elga-taverneira/character.md — quem gravar por último apaga o outro
   - costa-de-ferro/porto-negro/taverna-do-gancho/elga-taverneira/faca-de-escamar/item.md: id duplicado: o mesmo id em routes/rua-do-mercador/elga-taverneira/faca-de-escamar/item.md — quem gravar por último apaga o outro
   - routes/rua-do-mercador/elga-taverneira/faca-de-escamar/item.md: id duplicado: o mesmo id em costa-de-ferro/porto-negro/taverna-do-gancho/elga-taverneira/faca-de-escamar/item.md — quem gravar por último apaga o outro
   - costa-de-ferro/porto-negro/praca-do-mercado/obadiah-mascate/caixa-de-tramoias/faca-de-mercador/item.md: id duplicado: o mesmo id em costa-de-ferro/vau-de-pedra/estalagem-do-vau/obadiah-mascate/caixa-de-tramoias/faca-de-mercador/item.md — quem gravar por último apaga o outro
   - costa-de-ferro/vau-de-pedra/estalagem-do-vau/obadiah-mascate/caixa-de-tramoias/faca-de-mercador/item.md: id duplicado: o mesmo id em costa-de-ferro/porto-negro/praca-do-mercado/obadiah-mascate/caixa-de-tramoias/faca-de-mercador/item.md — quem gravar por último apaga o outro
   - costa-de-ferro/porto-negro/praca-do-mercado/sarga-contrabandista/faca-enferrujada/item.md: id duplicado: o mesmo id em costa-de-ferro/porto-negro/sarga-contrabandista/faca-enferrujada/item.md — quem gravar por último apaga o outro
   - costa-de-ferro/porto-negro/sarga-contrabandista/faca-enferrujada/item.md: id duplicado: o mesmo id em costa-de-ferro/porto-negro/praca-do-mercado/sarga-contrabandista/faca-enferrujada/item.md — quem gravar por último apaga o outro
   - costa-de-ferro/porto-negro/boticario-da-raiz-torta/fenn-dedos-leves/character.md: id duplicado: o mesmo id em costa-de-ferro/porto-negro/praca-do-mercado/fenn-dedos-leves/character.md — quem gravar por último apaga o outro
   - costa-de-ferro/porto-negro/praca-do-mercado/fenn-dedos-leves/character.md: id duplicado: o mesmo id em costa-de-ferro/porto-negro/boticario-da-raiz-torta/fenn-dedos-leves/character.md — quem gravar por último apaga o outro
   - costa-de-ferro/porto-negro/praca-do-mercado/frasco-de-oleo/item.md: id duplicado: o mesmo id em costa-de-ferro/porto-negro/taverna-do-gancho/elga-taverneira/frasco-de-oleo/item.md — quem gravar por último apaga o outro
   - costa-de-ferro/porto-negro/taverna-do-gancho/elga-taverneira/frasco-de-oleo/item.md: id duplicado: o mesmo id em costa-de-ferro/porto-negro/praca-do-mercado/frasco-de-oleo/item.md — quem gravar por último apaga o outro
   - costa-de-ferro/porto-negro/boticario-da-raiz-torta/frasco-de-tintura-vermelha/item.md: id duplicado: o mesmo id em costa-de-ferro/porto-negro/boticario-da-raiz-torta/nerissa-boticaria/frasco-de-tintura-vermelha/item.md — quem gravar por último apaga o outro
   - costa-de-ferro/porto-negro/boticario-da-raiz-torta/nerissa-boticaria/frasco-de-tintura-vermelha/item.md: id duplicado: o mesmo id em costa-de-ferro/porto-negro/boticario-da-raiz-torta/frasco-de-tintura-vermelha/item.md — quem gravar por último apaga o outro
   - costa-de-ferro/porto-negro/praca-do-mercado/hulda-estivadora/gibao-de-placas/item.md: id duplicado: o mesmo id em costa-de-ferro/porto-negro/praca-do-mercado/obadiah-mascate/gibao-de-placas/item.md — quem gravar por último apaga o outro
   - costa-de-ferro/porto-negro/praca-do-mercado/obadiah-mascate/gibao-de-placas/item.md: id duplicado: o mesmo id em costa-de-ferro/porto-negro/praca-do-mercado/hulda-estivadora/gibao-de-placas/item.md — quem gravar por último apaga o outro
   - costa-de-ferro/porto-negro/cais-velho/hulda-estivadora/character.md: id duplicado: o mesmo id em costa-de-ferro/porto-negro/praca-do-mercado/hulda-estivadora/character.md — quem gravar por último apaga o outro
   - costa-de-ferro/porto-negro/praca-do-mercado/hulda-estivadora/character.md: id duplicado: o mesmo id em costa-de-ferro/porto-negro/cais-velho/hulda-estivadora/character.md — quem gravar por último apaga o outro
   - costa-de-ferro/porto-negro/boticario-da-raiz-torta/irmao-tobias/character.md: id duplicado: o mesmo id em costa-de-ferro/porto-negro/santuario-esquecido/irmao-tobias/character.md — quem gravar por último apaga o outro
   - costa-de-ferro/porto-negro/santuario-esquecido/irmao-tobias/character.md: id duplicado: o mesmo id em costa-de-ferro/porto-negro/boticario-da-raiz-torta/irmao-tobias/character.md — quem gravar por último apaga o outro
   - costa-de-ferro/porto-negro/praca-do-mercado/obadiah-mascate/caixa-de-tramoias/lamparina-de-lata/item.md: id duplicado: o mesmo id em costa-de-ferro/vau-de-pedra/estalagem-do-vau/obadiah-mascate/caixa-de-tramoias/lamparina-de-lata/item.md — quem gravar por último apaga o outro
   - costa-de-ferro/vau-de-pedra/estalagem-do-vau/obadiah-mascate/caixa-de-tramoias/lamparina-de-lata/item.md: id duplicado: o mesmo id em costa-de-ferro/porto-negro/praca-do-mercado/obadiah-mascate/caixa-de-tramoias/lamparina-de-lata/item.md — quem gravar por último apaga o outro
   - costa-de-ferro/porto-negro/praca-do-mercado/sarga-contrabandista/machado-de-abordagem/item.md: id duplicado: o mesmo id em costa-de-ferro/porto-negro/sarga-contrabandista/machado-de-abordagem/item.md — quem gravar por último apaga o outro
   - costa-de-ferro/porto-negro/sarga-contrabandista/machado-de-abordagem/item.md: id duplicado: o mesmo id em costa-de-ferro/porto-negro/praca-do-mercado/sarga-contrabandista/machado-de-abordagem/item.md — quem gravar por último apaga o outro
   - costa-de-ferro/porto-negro/taverna-do-gancho/elga-taverneira/memories/mem-1784162563293-0.md: id duplicado: o mesmo id em routes/rua-do-mercador/elga-taverneira/memories/mem-1784162563293-0.md — quem gravar por último apaga o outro
   - routes/rua-do-mercador/elga-taverneira/memories/mem-1784162563293-0.md: id duplicado: o mesmo id em costa-de-ferro/porto-negro/taverna-do-gancho/elga-taverneira/memories/mem-1784162563293-0.md — quem gravar por último apaga o outro
   - costa-de-ferro/porto-negro/forja-de-ferro/torvin-ferreiro/memories/mem-1784166144698-0.md: id duplicado: o mesmo id em costa-de-ferro/porto-negro/praca-do-mercado/torvin-ferreiro/memories/mem-1784166144698-0.md — quem gravar por último apaga o outro
   - costa-de-ferro/porto-negro/praca-do-mercado/torvin-ferreiro/memories/mem-1784166144698-0.md: id duplicado: o mesmo id em costa-de-ferro/porto-negro/forja-de-ferro/torvin-ferreiro/memories/mem-1784166144698-0.md — quem gravar por último apaga o outro
   - costa-de-ferro/porto-negro/forja-de-ferro/torvin-ferreiro/memories/mem-1784166293768-0.md: id duplicado: o mesmo id em costa-de-ferro/porto-negro/praca-do-mercado/torvin-ferreiro/memories/mem-1784166293768-0.md — quem gravar por último apaga o outro
   - costa-de-ferro/porto-negro/praca-do-mercado/torvin-ferreiro/memories/mem-1784166293768-0.md: id duplicado: o mesmo id em costa-de-ferro/porto-negro/forja-de-ferro/torvin-ferreiro/memories/mem-1784166293768-0.md — quem gravar por último apaga o outro
   - costa-de-ferro/porto-negro/forja-de-ferro/torvin-ferreiro/memories/mem-1784171443323-0.md: id duplicado: o mesmo id em costa-de-ferro/porto-negro/praca-do-mercado/torvin-ferreiro/memories/mem-1784171443323-0.md — quem gravar por último apaga o outro
   - costa-de-ferro/porto-negro/praca-do-mercado/torvin-ferreiro/memories/mem-1784171443323-0.md: id duplicado: o mesmo id em costa-de-ferro/porto-negro/forja-de-ferro/torvin-ferreiro/memories/mem-1784171443323-0.md — quem gravar por último apaga o outro
   - costa-de-ferro/porto-negro/forja-de-ferro/torvin-ferreiro/memories/mem-1784230239134-0.md: id duplicado: o mesmo id em costa-de-ferro/porto-negro/praca-do-mercado/torvin-ferreiro/memories/mem-1784230239134-0.md — quem gravar por último apaga o outro
   - costa-de-ferro/porto-negro/praca-do-mercado/torvin-ferreiro/memories/mem-1784230239134-0.md: id duplicado: o mesmo id em costa-de-ferro/porto-negro/forja-de-ferro/torvin-ferreiro/memories/mem-1784230239134-0.md — quem gravar por último apaga o outro
   - costa-de-ferro/porto-negro/taverna-do-gancho/bram-pescador/memories/mem-1784255463766-0.md: id duplicado: o mesmo id em costa-de-ferro/porto-negro/torre-da-vigilia/bram-pescador/memories/mem-1784255463766-0.md — quem gravar por último apaga o outro
   - costa-de-ferro/porto-negro/torre-da-vigilia/bram-pescador/memories/mem-1784255463766-0.md: id duplicado: o mesmo id em costa-de-ferro/porto-negro/taverna-do-gancho/bram-pescador/memories/mem-1784255463766-0.md — quem gravar por último apaga o outro
   - costa-de-ferro/porto-negro/cais-velho/hulda-estivadora/memories/mem-1784519306694-e33ee343.md: id duplicado: o mesmo id em costa-de-ferro/porto-negro/praca-do-mercado/hulda-estivadora/memories/mem-1784519306694-e33ee343.md — quem gravar por último apaga o outro
   - costa-de-ferro/porto-negro/praca-do-mercado/hulda-estivadora/memories/mem-1784519306694-e33ee343.md: id duplicado: o mesmo id em costa-de-ferro/porto-negro/cais-velho/hulda-estivadora/memories/mem-1784519306694-e33ee343.md — quem gravar por último apaga o outro
   - costa-de-ferro/porto-negro/cais-velho/hulda-estivadora/memories/mem-1784519761877-165a4920.md: id duplicado: o mesmo id em costa-de-ferro/porto-negro/praca-do-mercado/hulda-estivadora/memories/mem-1784519761877-165a4920.md — quem gravar por último apaga o outro
   - costa-de-ferro/porto-negro/praca-do-mercado/hulda-estivadora/memories/mem-1784519761877-165a4920.md: id duplicado: o mesmo id em costa-de-ferro/porto-negro/cais-velho/hulda-estivadora/memories/mem-1784519761877-165a4920.md — quem gravar por último apaga o outro
   - costa-de-ferro/porto-negro/cais-velho/hulda-estivadora/memories/mem-1784521230373-96af5729.md: id duplicado: o mesmo id em costa-de-ferro/porto-negro/praca-do-mercado/hulda-estivadora/memories/mem-1784521230373-96af5729.md — quem gravar por último apaga o outro
   - costa-de-ferro/porto-negro/praca-do-mercado/hulda-estivadora/memories/mem-1784521230373-96af5729.md: id duplicado: o mesmo id em costa-de-ferro/porto-negro/cais-velho/hulda-estivadora/memories/mem-1784521230373-96af5729.md — quem gravar por último apaga o outro
   - costa-de-ferro/porto-negro/praca-do-mercado/obadiah-mascate/memories/mem-1784521322188-bb85d79a.md: id duplicado: o mesmo id em costa-de-ferro/vau-de-pedra/estalagem-do-vau/obadiah-mascate/memories/mem-1784521322188-bb85d79a.md — quem gravar por último apaga o outro
   - costa-de-ferro/vau-de-pedra/estalagem-do-vau/obadiah-mascate/memories/mem-1784521322188-bb85d79a.md: id duplicado: o mesmo id em costa-de-ferro/porto-negro/praca-do-mercado/obadiah-mascate/memories/mem-1784521322188-bb85d79a.md — quem gravar por último apaga o outro
   - costa-de-ferro/porto-negro/cais-velho/hulda-estivadora/memories/mem-1784521426951-6fff53b4.md: id duplicado: o mesmo id em costa-de-ferro/porto-negro/praca-do-mercado/hulda-estivadora/memories/mem-1784521426951-6fff53b4.md — quem gravar por último apaga o outro
   - costa-de-ferro/porto-negro/praca-do-mercado/hulda-estivadora/memories/mem-1784521426951-6fff53b4.md: id duplicado: o mesmo id em costa-de-ferro/porto-negro/cais-velho/hulda-estivadora/memories/mem-1784521426951-6fff53b4.md — quem gravar por último apaga o outro
   - costa-de-ferro/porto-negro/forja-de-ferro/renn-trovador/memories/mem-1784522975011-24b7ad14.md: id duplicado: o mesmo id em costa-de-ferro/porto-negro/taverna-do-gancho/renn-trovador/memories/mem-1784522975011-24b7ad14.md — quem gravar por último apaga o outro
   - costa-de-ferro/porto-negro/taverna-do-gancho/renn-trovador/memories/mem-1784522975011-24b7ad14.md: id duplicado: o mesmo id em costa-de-ferro/porto-negro/forja-de-ferro/renn-trovador/memories/mem-1784522975011-24b7ad14.md — quem gravar por último apaga o outro
   - costa-de-ferro/porto-negro/praca-do-mercado/sarga-contrabandista/memories/mem-1784558067306-ba36aaaf.md: id duplicado: o mesmo id em costa-de-ferro/porto-negro/sarga-contrabandista/memories/mem-1784558067306-ba36aaaf.md — quem gravar por último apaga o outro
   - costa-de-ferro/porto-negro/sarga-contrabandista/memories/mem-1784558067306-ba36aaaf.md: id duplicado: o mesmo id em costa-de-ferro/porto-negro/praca-do-mercado/sarga-contrabandista/memories/mem-1784558067306-ba36aaaf.md — quem gravar por último apaga o outro
   - costa-de-ferro/porto-negro/forja-de-ferro/renn-trovador/memories/mem-1784558285053-83e98123.md: id duplicado: o mesmo id em costa-de-ferro/porto-negro/taverna-do-gancho/renn-trovador/memories/mem-1784558285053-83e98123.md — quem gravar por último apaga o outro
   - costa-de-ferro/porto-negro/taverna-do-gancho/renn-trovador/memories/mem-1784558285053-83e98123.md: id duplicado: o mesmo id em costa-de-ferro/porto-negro/forja-de-ferro/renn-trovador/memories/mem-1784558285053-83e98123.md — quem gravar por último apaga o outro
   - costa-de-ferro/porto-negro/forja-de-ferro/renn-trovador/memories/mem-1784558526088-6a23addd.md: id duplicado: o mesmo id em costa-de-ferro/porto-negro/taverna-do-gancho/renn-trovador/memories/mem-1784558526088-6a23addd.md — quem gravar por último apaga o outro
   - costa-de-ferro/porto-negro/taverna-do-gancho/renn-trovador/memories/mem-1784558526088-6a23addd.md: id duplicado: o mesmo id em costa-de-ferro/porto-negro/forja-de-ferro/renn-trovador/memories/mem-1784558526088-6a23addd.md — quem gravar por último apaga o outro
   - costa-de-ferro/porto-negro/forja-de-ferro/renn-trovador/memories/mem-1784558526090-88067b9e.md: id duplicado: o mesmo id em costa-de-ferro/porto-negro/taverna-do-gancho/renn-trovador/memories/mem-1784558526090-88067b9e.md — quem gravar por último apaga o outro
   - costa-de-ferro/porto-negro/taverna-do-gancho/renn-trovador/memories/mem-1784558526090-88067b9e.md: id duplicado: o mesmo id em costa-de-ferro/porto-negro/forja-de-ferro/renn-trovador/memories/mem-1784558526090-88067b9e.md — quem gravar por último apaga o outro
   - costa-de-ferro/porto-negro/forja-de-ferro/renn-trovador/memories/mem-1784558608906-975cb77c.md: id duplicado: o mesmo id em costa-de-ferro/porto-negro/taverna-do-gancho/renn-trovador/memories/mem-1784558608906-975cb77c.md — quem gravar por último apaga o outro
   - costa-de-ferro/porto-negro/taverna-do-gancho/renn-trovador/memories/mem-1784558608906-975cb77c.md: id duplicado: o mesmo id em costa-de-ferro/porto-negro/forja-de-ferro/renn-trovador/memories/mem-1784558608906-975cb77c.md — quem gravar por último apaga o outro
   - costa-de-ferro/porto-negro/forja-de-ferro/renn-trovador/memories/mem-1784558608907-bf471e27.md: id duplicado: o mesmo id em costa-de-ferro/porto-negro/taverna-do-gancho/renn-trovador/memories/mem-1784558608907-bf471e27.md — quem gravar por último apaga o outro
   - costa-de-ferro/porto-negro/taverna-do-gancho/renn-trovador/memories/mem-1784558608907-bf471e27.md: id duplicado: o mesmo id em costa-de-ferro/porto-negro/forja-de-ferro/renn-trovador/memories/mem-1784558608907-bf471e27.md — quem gravar por último apaga o outro
   - costa-de-ferro/porto-negro/forja-de-ferro/renn-trovador/memories/mem-1784559001725-f24902c5.md: id duplicado: o mesmo id em costa-de-ferro/porto-negro/taverna-do-gancho/renn-trovador/memories/mem-1784559001725-f24902c5.md — quem gravar por último apaga o outro
   - costa-de-ferro/porto-negro/taverna-do-gancho/renn-trovador/memories/mem-1784559001725-f24902c5.md: id duplicado: o mesmo id em costa-de-ferro/porto-negro/forja-de-ferro/renn-trovador/memories/mem-1784559001725-f24902c5.md — quem gravar por último apaga o outro
   - costa-de-ferro/porto-negro/praca-do-mercado/sarga-contrabandista/memories/mem-1784667718740-9475ea46.md: id duplicado: o mesmo id em costa-de-ferro/porto-negro/sarga-contrabandista/memories/mem-1784667718740-9475ea46.md — quem gravar por último apaga o outro
   - costa-de-ferro/porto-negro/sarga-contrabandista/memories/mem-1784667718740-9475ea46.md: id duplicado: o mesmo id em costa-de-ferro/porto-negro/praca-do-mercado/sarga-contrabandista/memories/mem-1784667718740-9475ea46.md — quem gravar por último apaga o outro
   - costa-de-ferro/porto-negro/praca-do-mercado/sarga-contrabandista/memories/mem-1784667718741-9e208e52.md: id duplicado: o mesmo id em costa-de-ferro/porto-negro/sarga-contrabandista/memories/mem-1784667718741-9e208e52.md — quem gravar por último apaga o outro
   - costa-de-ferro/porto-negro/sarga-contrabandista/memories/mem-1784667718741-9e208e52.md: id duplicado: o mesmo id em costa-de-ferro/porto-negro/praca-do-mercado/sarga-contrabandista/memories/mem-1784667718741-9e208e52.md — quem gravar por último apaga o outro
   - costa-de-ferro/porto-negro/praca-do-mercado/sarga-contrabandista/memories/mem-1784667882363-e1a43894.md: id duplicado: o mesmo id em costa-de-ferro/porto-negro/sarga-contrabandista/memories/mem-1784667882363-e1a43894.md — quem gravar por último apaga o outro
   - costa-de-ferro/porto-negro/sarga-contrabandista/memories/mem-1784667882363-e1a43894.md: id duplicado: o mesmo id em costa-de-ferro/porto-negro/praca-do-mercado/sarga-contrabandista/memories/mem-1784667882363-e1a43894.md — quem gravar por último apaga o outro
   - costa-de-ferro/porto-negro/praca-do-mercado/sarga-contrabandista/memories/mem-1784667882364-8aa43166.md: id duplicado: o mesmo id em costa-de-ferro/porto-negro/sarga-contrabandista/memories/mem-1784667882364-8aa43166.md — quem gravar por último apaga o outro
   - costa-de-ferro/porto-negro/sarga-contrabandista/memories/mem-1784667882364-8aa43166.md: id duplicado: o mesmo id em costa-de-ferro/porto-negro/praca-do-mercado/sarga-contrabandista/memories/mem-1784667882364-8aa43166.md — quem gravar por último apaga o outro
   - costa-de-ferro/porto-negro/praca-do-mercado/sarga-contrabandista/memories/mem-1784667882364-de9b9037.md: id duplicado: o mesmo id em costa-de-ferro/porto-negro/sarga-contrabandista/memories/mem-1784667882364-de9b9037.md — quem gravar por último apaga o outro
   - costa-de-ferro/porto-negro/sarga-contrabandista/memories/mem-1784667882364-de9b9037.md: id duplicado: o mesmo id em costa-de-ferro/porto-negro/praca-do-mercado/sarga-contrabandista/memories/mem-1784667882364-de9b9037.md — quem gravar por último apaga o outro
   - costa-de-ferro/porto-negro/praca-do-mercado/sarga-contrabandista/memories/mem-1784668639079-f21065a9.md: id duplicado: o mesmo id em costa-de-ferro/porto-negro/sarga-contrabandista/memories/mem-1784668639079-f21065a9.md — quem gravar por último apaga o outro
   - costa-de-ferro/porto-negro/sarga-contrabandista/memories/mem-1784668639079-f21065a9.md: id duplicado: o mesmo id em costa-de-ferro/porto-negro/praca-do-mercado/sarga-contrabandista/memories/mem-1784668639079-f21065a9.md — quem gravar por último apaga o outro
   - costa-de-ferro/porto-negro/taverna-do-gancho/bram-pescador/memories/mem-1784722831549-4814833a.md: id duplicado: o mesmo id em costa-de-ferro/porto-negro/torre-da-vigilia/bram-pescador/memories/mem-1784722831549-4814833a.md — quem gravar por último apaga o outro
   - costa-de-ferro/porto-negro/torre-da-vigilia/bram-pescador/memories/mem-1784722831549-4814833a.md: id duplicado: o mesmo id em costa-de-ferro/porto-negro/taverna-do-gancho/bram-pescador/memories/mem-1784722831549-4814833a.md — quem gravar por último apaga o outro
   - costa-de-ferro/porto-negro/taverna-do-gancho/bram-pescador/memories/mem-1784722831550-18bd1d5c.md: id duplicado: o mesmo id em costa-de-ferro/porto-negro/torre-da-vigilia/bram-pescador/memories/mem-1784722831550-18bd1d5c.md — quem gravar por último apaga o outro
   - costa-de-ferro/porto-negro/torre-da-vigilia/bram-pescador/memories/mem-1784722831550-18bd1d5c.md: id duplicado: o mesmo id em costa-de-ferro/porto-negro/taverna-do-gancho/bram-pescador/memories/mem-1784722831550-18bd1d5c.md — quem gravar por último apaga o outro
   - costa-de-ferro/porto-negro/taverna-do-gancho/bram-pescador/memories/mem-1784722893094-ea09452c.md: id duplicado: o mesmo id em costa-de-ferro/porto-negro/torre-da-vigilia/bram-pescador/memories/mem-1784722893094-ea09452c.md — quem gravar por último apaga o outro
   - costa-de-ferro/porto-negro/torre-da-vigilia/bram-pescador/memories/mem-1784722893094-ea09452c.md: id duplicado: o mesmo id em costa-de-ferro/porto-negro/taverna-do-gancho/bram-pescador/memories/mem-1784722893094-ea09452c.md — quem gravar por último apaga o outro
   - costa-de-ferro/porto-negro/boticario-da-raiz-torta/irmao-tobias/memories/mem-1784725598850-d9e5aaed.md: id duplicado: o mesmo id em costa-de-ferro/porto-negro/santuario-esquecido/irmao-tobias/memories/mem-1784725598850-d9e5aaed.md — quem gravar por último apaga o outro
   - costa-de-ferro/porto-negro/santuario-esquecido/irmao-tobias/memories/mem-1784725598850-d9e5aaed.md: id duplicado: o mesmo id em costa-de-ferro/porto-negro/boticario-da-raiz-torta/irmao-tobias/memories/mem-1784725598850-d9e5aaed.md — quem gravar por último apaga o outro
   - costa-de-ferro/porto-negro/boticario-da-raiz-torta/irmao-tobias/memories/mem-1784725663337-1a1a3dc1.md: id duplicado: o mesmo id em costa-de-ferro/porto-negro/santuario-esquecido/irmao-tobias/memories/mem-1784725663337-1a1a3dc1.md — quem gravar por último apaga o outro
   - costa-de-ferro/porto-negro/santuario-esquecido/irmao-tobias/memories/mem-1784725663337-1a1a3dc1.md: id duplicado: o mesmo id em costa-de-ferro/porto-negro/boticario-da-raiz-torta/irmao-tobias/memories/mem-1784725663337-1a1a3dc1.md — quem gravar por último apaga o outro
   - costa-de-ferro/porto-negro/forja-de-ferro/renn-trovador/memories/mem-1784725723400-952556d9.md: id duplicado: o mesmo id em costa-de-ferro/porto-negro/taverna-do-gancho/renn-trovador/memories/mem-1784725723400-952556d9.md — quem gravar por último apaga o outro
   - costa-de-ferro/porto-negro/taverna-do-gancho/renn-trovador/memories/mem-1784725723400-952556d9.md: id duplicado: o mesmo id em costa-de-ferro/porto-negro/forja-de-ferro/renn-trovador/memories/mem-1784725723400-952556d9.md — quem gravar por último apaga o outro
   - costa-de-ferro/porto-negro/taverna-do-gancho/elga-taverneira/memories/mem-1784745550947-6e668343.md: id duplicado: o mesmo id em routes/rua-do-mercador/elga-taverneira/memories/mem-1784745550947-6e668343.md — quem gravar por último apaga o outro
   - routes/rua-do-mercador/elga-taverneira/memories/mem-1784745550947-6e668343.md: id duplicado: o mesmo id em costa-de-ferro/porto-negro/taverna-do-gancho/elga-taverneira/memories/mem-1784745550947-6e668343.md — quem gravar por último apaga o outro
   - costa-de-ferro/porto-negro/boticario-da-raiz-torta/fenn-dedos-leves/memories/mem-1784849801970-7286e4b1.md: id duplicado: o mesmo id em costa-de-ferro/porto-negro/praca-do-mercado/fenn-dedos-leves/memories/mem-1784849801970-7286e4b1.md — quem gravar por último apaga o outro
   - costa-de-ferro/porto-negro/praca-do-mercado/fenn-dedos-leves/memories/mem-1784849801970-7286e4b1.md: id duplicado: o mesmo id em costa-de-ferro/porto-negro/boticario-da-raiz-torta/fenn-dedos-leves/memories/mem-1784849801970-7286e4b1.md — quem gravar por último apaga o outro
   - costa-de-ferro/porto-negro/boticario-da-raiz-torta/fenn-dedos-leves/memories/mem-1784849806970-b7c4e402.md: id duplicado: o mesmo id em costa-de-ferro/porto-negro/praca-do-mercado/fenn-dedos-leves/memories/mem-1784849806970-b7c4e402.md — quem gravar por último apaga o outro
   - costa-de-ferro/porto-negro/praca-do-mercado/fenn-dedos-leves/memories/mem-1784849806970-b7c4e402.md: id duplicado: o mesmo id em costa-de-ferro/porto-negro/boticario-da-raiz-torta/fenn-dedos-leves/memories/mem-1784849806970-b7c4e402.md — quem gravar por último apaga o outro
   - costa-de-ferro/porto-negro/forja-de-ferro/torvin-ferreiro/memories/mem-1785184130800-f2a9f9e1.md: id duplicado: o mesmo id em costa-de-ferro/porto-negro/praca-do-mercado/torvin-ferreiro/memories/mem-1785184130800-f2a9f9e1.md — quem gravar por último apaga o outro
   - costa-de-ferro/porto-negro/praca-do-mercado/torvin-ferreiro/memories/mem-1785184130800-f2a9f9e1.md: id duplicado: o mesmo id em costa-de-ferro/porto-negro/forja-de-ferro/torvin-ferreiro/memories/mem-1785184130800-f2a9f9e1.md — quem gravar por último apaga o outro
   - costa-de-ferro/porto-negro/forja-de-ferro/torvin-ferreiro/memories/mem-1785184274969-fc7809dc.md: id duplicado: o mesmo id em costa-de-ferro/porto-negro/praca-do-mercado/torvin-ferreiro/memories/mem-1785184274969-fc7809dc.md — quem gravar por último apaga o outro
   - costa-de-ferro/porto-negro/praca-do-mercado/torvin-ferreiro/memories/mem-1785184274969-fc7809dc.md: id duplicado: o mesmo id em costa-de-ferro/porto-negro/forja-de-ferro/torvin-ferreiro/memories/mem-1785184274969-fc7809dc.md — quem gravar por último apaga o outro
   - costa-de-ferro/porto-negro/forja-de-ferro/torvin-ferreiro/memories/mem-1785184307526-8298c2c6.md: id duplicado: o mesmo id em costa-de-ferro/porto-negro/praca-do-mercado/torvin-ferreiro/memories/mem-1785184307526-8298c2c6.md — quem gravar por último apaga o outro
   - costa-de-ferro/porto-negro/praca-do-mercado/torvin-ferreiro/memories/mem-1785184307526-8298c2c6.md: id duplicado: o mesmo id em costa-de-ferro/porto-negro/forja-de-ferro/torvin-ferreiro/memories/mem-1785184307526-8298c2c6.md — quem gravar por último apaga o outro
   - costa-de-ferro/porto-negro/forja-de-ferro/torvin-ferreiro/memories/mem-1785189572617-0caeb586.md: id duplicado: o mesmo id em costa-de-ferro/porto-negro/praca-do-mercado/torvin-ferreiro/memories/mem-1785189572617-0caeb586.md — quem gravar por último apaga o outro
   - costa-de-ferro/porto-negro/praca-do-mercado/torvin-ferreiro/memories/mem-1785189572617-0caeb586.md: id duplicado: o mesmo id em costa-de-ferro/porto-negro/forja-de-ferro/torvin-ferreiro/memories/mem-1785189572617-0caeb586.md — quem gravar por último apaga o outro
   - costa-de-ferro/porto-negro/forja-de-ferro/torvin-ferreiro/memories/mem-1785196863305-f480a5c9.md: id duplicado: o mesmo id em costa-de-ferro/porto-negro/praca-do-mercado/torvin-ferreiro/memories/mem-1785196863305-f480a5c9.md — quem gravar por último apaga o outro
   - costa-de-ferro/porto-negro/praca-do-mercado/torvin-ferreiro/memories/mem-1785196863305-f480a5c9.md: id duplicado: o mesmo id em costa-de-ferro/porto-negro/forja-de-ferro/torvin-ferreiro/memories/mem-1785196863305-f480a5c9.md — quem gravar por último apaga o outro
   - costa-de-ferro/porto-negro/forja-de-ferro/torvin-ferreiro/memories/mem-1785325014095-b7c15c15.md: id duplicado: o mesmo id em costa-de-ferro/porto-negro/praca-do-mercado/torvin-ferreiro/memories/mem-1785325014095-b7c15c15.md — quem gravar por último apaga o outro
   - costa-de-ferro/porto-negro/praca-do-mercado/torvin-ferreiro/memories/mem-1785325014095-b7c15c15.md: id duplicado: o mesmo id em costa-de-ferro/porto-negro/forja-de-ferro/torvin-ferreiro/memories/mem-1785325014095-b7c15c15.md — quem gravar por último apaga o outro
   - costa-de-ferro/porto-negro/praca-do-mercado/coppo-rato-de-cais/memories/mem-1785352670127-7584e402.md: id duplicado: o mesmo id em costa-de-ferro/porto-negro/taverna-do-gancho/coppo-rato-de-cais/memories/mem-1785352670127-7584e402.md — quem gravar por último apaga o outro
   - costa-de-ferro/porto-negro/taverna-do-gancho/coppo-rato-de-cais/memories/mem-1785352670127-7584e402.md: id duplicado: o mesmo id em costa-de-ferro/porto-negro/praca-do-mercado/coppo-rato-de-cais/memories/mem-1785352670127-7584e402.md — quem gravar por último apaga o outro
   - costa-de-ferro/porto-negro/cais-velho/hulda-estivadora/memories/mem-1785352670129-8b83d255.md: id duplicado: o mesmo id em costa-de-ferro/porto-negro/praca-do-mercado/hulda-estivadora/memories/mem-1785352670129-8b83d255.md — quem gravar por último apaga o outro
   - costa-de-ferro/porto-negro/praca-do-mercado/hulda-estivadora/memories/mem-1785352670129-8b83d255.md: id duplicado: o mesmo id em costa-de-ferro/porto-negro/cais-velho/hulda-estivadora/memories/mem-1785352670129-8b83d255.md — quem gravar por último apaga o outro
   - costa-de-ferro/porto-negro/praca-do-mercado/doncel-bebado/memories/mem-1785352670130-5d3a6497.md: id duplicado: o mesmo id em costa-de-ferro/porto-negro/taverna-do-gancho/doncel-bebado/memories/mem-1785352670130-5d3a6497.md — quem gravar por último apaga o outro
   - costa-de-ferro/porto-negro/taverna-do-gancho/doncel-bebado/memories/mem-1785352670130-5d3a6497.md: id duplicado: o mesmo id em costa-de-ferro/porto-negro/praca-do-mercado/doncel-bebado/memories/mem-1785352670130-5d3a6497.md — quem gravar por último apaga o outro
   - costa-de-ferro/porto-negro/boticario-da-raiz-torta/fenn-dedos-leves/memories/mem-1785352670130-77b804ea.md: id duplicado: o mesmo id em costa-de-ferro/porto-negro/praca-do-mercado/fenn-dedos-leves/memories/mem-1785352670130-77b804ea.md — quem gravar por último apaga o outro
   - costa-de-ferro/porto-negro/praca-do-mercado/fenn-dedos-leves/memories/mem-1785352670130-77b804ea.md: id duplicado: o mesmo id em costa-de-ferro/porto-negro/boticario-da-raiz-torta/fenn-dedos-leves/memories/mem-1785352670130-77b804ea.md — quem gravar por último apaga o outro
   - costa-de-ferro/porto-negro/praca-do-mercado/sarga-contrabandista/memories/mem-1785352670130-d9e1851b.md: id duplicado: o mesmo id em costa-de-ferro/porto-negro/sarga-contrabandista/memories/mem-1785352670130-d9e1851b.md — quem gravar por último apaga o outro
   - costa-de-ferro/porto-negro/sarga-contrabandista/memories/mem-1785352670130-d9e1851b.md: id duplicado: o mesmo id em costa-de-ferro/porto-negro/praca-do-mercado/sarga-contrabandista/memories/mem-1785352670130-d9e1851b.md — quem gravar por último apaga o outro
   - costa-de-ferro/porto-negro/praca-do-mercado/coppo-rato-de-cais/memories/mem-1785361088500-b2ce3d55.md: id duplicado: o mesmo id em costa-de-ferro/porto-negro/taverna-do-gancho/coppo-rato-de-cais/memories/mem-1785361088500-b2ce3d55.md — quem gravar por último apaga o outro
   - costa-de-ferro/porto-negro/taverna-do-gancho/coppo-rato-de-cais/memories/mem-1785361088500-b2ce3d55.md: id duplicado: o mesmo id em costa-de-ferro/porto-negro/praca-do-mercado/coppo-rato-de-cais/memories/mem-1785361088500-b2ce3d55.md — quem gravar por último apaga o outro
   - costa-de-ferro/porto-negro/praca-do-mercado/coppo-rato-de-cais/memories/mem-1785361088505-cab7ebcb.md: id duplicado: o mesmo id em costa-de-ferro/porto-negro/taverna-do-gancho/coppo-rato-de-cais/memories/mem-1785361088505-cab7ebcb.md — quem gravar por último apaga o outro
   - costa-de-ferro/porto-negro/taverna-do-gancho/coppo-rato-de-cais/memories/mem-1785361088505-cab7ebcb.md: id duplicado: o mesmo id em costa-de-ferro/porto-negro/praca-do-mercado/coppo-rato-de-cais/memories/mem-1785361088505-cab7ebcb.md — quem gravar por último apaga o outro
   - costa-de-ferro/porto-negro/praca-do-mercado/coppo-rato-de-cais/memories/mem-1785361201183-d51cea1e.md: id duplicado: o mesmo id em costa-de-ferro/porto-negro/taverna-do-gancho/coppo-rato-de-cais/memories/mem-1785361201183-d51cea1e.md — quem gravar por último apaga o outro
   - costa-de-ferro/porto-negro/taverna-do-gancho/coppo-rato-de-cais/memories/mem-1785361201183-d51cea1e.md: id duplicado: o mesmo id em costa-de-ferro/porto-negro/praca-do-mercado/coppo-rato-de-cais/memories/mem-1785361201183-d51cea1e.md — quem gravar por último apaga o outro
   - costa-de-ferro/porto-negro/praca-do-mercado/coppo-rato-de-cais/memories/mem-1785361315202-312b0e89.md: id duplicado: o mesmo id em costa-de-ferro/porto-negro/taverna-do-gancho/coppo-rato-de-cais/memories/mem-1785361315202-312b0e89.md — quem gravar por último apaga o outro
   - costa-de-ferro/porto-negro/taverna-do-gancho/coppo-rato-de-cais/memories/mem-1785361315202-312b0e89.md: id duplicado: o mesmo id em costa-de-ferro/porto-negro/praca-do-mercado/coppo-rato-de-cais/memories/mem-1785361315202-312b0e89.md — quem gravar por último apaga o outro
   - costa-de-ferro/porto-negro/praca-do-mercado/coppo-rato-de-cais/memories/mem-1785361693139-0d6a73af.md: id duplicado: o mesmo id em costa-de-ferro/porto-negro/taverna-do-gancho/coppo-rato-de-cais/memories/mem-1785361693139-0d6a73af.md — quem gravar por último apaga o outro
   - costa-de-ferro/porto-negro/taverna-do-gancho/coppo-rato-de-cais/memories/mem-1785361693139-0d6a73af.md: id duplicado: o mesmo id em costa-de-ferro/porto-negro/praca-do-mercado/coppo-rato-de-cais/memories/mem-1785361693139-0d6a73af.md — quem gravar por último apaga o outro
   - costa-de-ferro/porto-negro/praca-do-mercado/coppo-rato-de-cais/memories/mem-1785361812351-794e8fd4.md: id duplicado: o mesmo id em costa-de-ferro/porto-negro/taverna-do-gancho/coppo-rato-de-cais/memories/mem-1785361812351-794e8fd4.md — quem gravar por último apaga o outro
   - costa-de-ferro/porto-negro/taverna-do-gancho/coppo-rato-de-cais/memories/mem-1785361812351-794e8fd4.md: id duplicado: o mesmo id em costa-de-ferro/porto-negro/praca-do-mercado/coppo-rato-de-cais/memories/mem-1785361812351-794e8fd4.md — quem gravar por último apaga o outro
   - costa-de-ferro/porto-negro/praca-do-mercado/coppo-rato-de-cais/memories/mem-1785361812355-3b7cc7cc.md: id duplicado: o mesmo id em costa-de-ferro/porto-negro/taverna-do-gancho/coppo-rato-de-cais/memories/mem-1785361812355-3b7cc7cc.md — quem gravar por último apaga o outro
   - costa-de-ferro/porto-negro/taverna-do-gancho/coppo-rato-de-cais/memories/mem-1785361812355-3b7cc7cc.md: id duplicado: o mesmo id em costa-de-ferro/porto-negro/praca-do-mercado/coppo-rato-de-cais/memories/mem-1785361812355-3b7cc7cc.md — quem gravar por último apaga o outro
   - costa-de-ferro/porto-negro/praca-do-mercado/coppo-rato-de-cais/memories/mem-1785361812357-5a0268c5.md: id duplicado: o mesmo id em costa-de-ferro/porto-negro/taverna-do-gancho/coppo-rato-de-cais/memories/mem-1785361812357-5a0268c5.md — quem gravar por último apaga o outro
   - costa-de-ferro/porto-negro/taverna-do-gancho/coppo-rato-de-cais/memories/mem-1785361812357-5a0268c5.md: id duplicado: o mesmo id em costa-de-ferro/porto-negro/praca-do-mercado/coppo-rato-de-cais/memories/mem-1785361812357-5a0268c5.md — quem gravar por último apaga o outro
   - costa-de-ferro/porto-negro/praca-do-mercado/coppo-rato-de-cais/memories/mem-1785361894243-614445a7.md: id duplicado: o mesmo id em costa-de-ferro/porto-negro/taverna-do-gancho/coppo-rato-de-cais/memories/mem-1785361894243-614445a7.md — quem gravar por último apaga o outro
   - costa-de-ferro/porto-negro/taverna-do-gancho/coppo-rato-de-cais/memories/mem-1785361894243-614445a7.md: id duplicado: o mesmo id em costa-de-ferro/porto-negro/praca-do-mercado/coppo-rato-de-cais/memories/mem-1785361894243-614445a7.md — quem gravar por último apaga o outro
   - costa-de-ferro/porto-negro/praca-do-mercado/coppo-rato-de-cais/memories/mem-1785361926759-53507cb2.md: id duplicado: o mesmo id em costa-de-ferro/porto-negro/taverna-do-gancho/coppo-rato-de-cais/memories/mem-1785361926759-53507cb2.md — quem gravar por último apaga o outro
   - costa-de-ferro/porto-negro/taverna-do-gancho/coppo-rato-de-cais/memories/mem-1785361926759-53507cb2.md: id duplicado: o mesmo id em costa-de-ferro/porto-negro/praca-do-mercado/coppo-rato-de-cais/memories/mem-1785361926759-53507cb2.md — quem gravar por último apaga o outro
   - costa-de-ferro/porto-negro/boticario-da-raiz-torta/irmao-tobias/memories/mem-1785439046569-3fcd91c8.md: id duplicado: o mesmo id em costa-de-ferro/porto-negro/santuario-esquecido/irmao-tobias/memories/mem-1785439046569-3fcd91c8.md — quem gravar por último apaga o outro
   - costa-de-ferro/porto-negro/santuario-esquecido/irmao-tobias/memories/mem-1785439046569-3fcd91c8.md: id duplicado: o mesmo id em costa-de-ferro/porto-negro/boticario-da-raiz-torta/irmao-tobias/memories/mem-1785439046569-3fcd91c8.md — quem gravar por último apaga o outro
   - costa-de-ferro/porto-negro/boticario-da-raiz-torta/irmao-tobias/memories/mem-1785709687934-595f71d2.md: id duplicado: o mesmo id em costa-de-ferro/porto-negro/santuario-esquecido/irmao-tobias/memories/mem-1785709687934-595f71d2.md — quem gravar por último apaga o outro
   - costa-de-ferro/porto-negro/santuario-esquecido/irmao-tobias/memories/mem-1785709687934-595f71d2.md: id duplicado: o mesmo id em costa-de-ferro/porto-negro/boticario-da-raiz-torta/irmao-tobias/memories/mem-1785709687934-595f71d2.md — quem gravar por último apaga o outro
   - costa-de-ferro/porto-negro/praca-do-mercado/coppo-rato-de-cais/memories/mem-1785709687943-c535ea3b.md: id duplicado: o mesmo id em costa-de-ferro/porto-negro/taverna-do-gancho/coppo-rato-de-cais/memories/mem-1785709687943-c535ea3b.md — quem gravar por último apaga o outro
   - costa-de-ferro/porto-negro/taverna-do-gancho/coppo-rato-de-cais/memories/mem-1785709687943-c535ea3b.md: id duplicado: o mesmo id em costa-de-ferro/porto-negro/praca-do-mercado/coppo-rato-de-cais/memories/mem-1785709687943-c535ea3b.md — quem gravar por último apaga o outro
   - costa-de-ferro/porto-negro/praca-do-mercado/coppo-rato-de-cais/memories/mem-1785709687965-43ad353e.md: id duplicado: o mesmo id em costa-de-ferro/porto-negro/taverna-do-gancho/coppo-rato-de-cais/memories/mem-1785709687965-43ad353e.md — quem gravar por último apaga o outro
   - costa-de-ferro/porto-negro/taverna-do-gancho/coppo-rato-de-cais/memories/mem-1785709687965-43ad353e.md: id duplicado: o mesmo id em costa-de-ferro/porto-negro/praca-do-mercado/coppo-rato-de-cais/memories/mem-1785709687965-43ad353e.md — quem gravar por último apaga o outro
   - costa-de-ferro/porto-negro/praca-do-mercado/coppo-rato-de-cais/memories/mem-1785709687989-5f77a063.md: id duplicado: o mesmo id em costa-de-ferro/porto-negro/taverna-do-gancho/coppo-rato-de-cais/memories/mem-1785709687989-5f77a063.md — quem gravar por último apaga o outro
   - costa-de-ferro/porto-negro/taverna-do-gancho/coppo-rato-de-cais/memories/mem-1785709687989-5f77a063.md: id duplicado: o mesmo id em costa-de-ferro/porto-negro/praca-do-mercado/coppo-rato-de-cais/memories/mem-1785709687989-5f77a063.md — quem gravar por último apaga o outro
   - costa-de-ferro/porto-negro/praca-do-mercado/coppo-rato-de-cais/memories/mem-1785709962597-245367bb.md: id duplicado: o mesmo id em costa-de-ferro/porto-negro/taverna-do-gancho/coppo-rato-de-cais/memories/mem-1785709962597-245367bb.md — quem gravar por último apaga o outro
   - costa-de-ferro/porto-negro/taverna-do-gancho/coppo-rato-de-cais/memories/mem-1785709962597-245367bb.md: id duplicado: o mesmo id em costa-de-ferro/porto-negro/praca-do-mercado/coppo-rato-de-cais/memories/mem-1785709962597-245367bb.md — quem gravar por último apaga o outro
   - costa-de-ferro/porto-negro/praca-do-mercado/coppo-rato-de-cais/memories/mem-1785764089426-b01c1fac.md: id duplicado: o mesmo id em costa-de-ferro/porto-negro/taverna-do-gancho/coppo-rato-de-cais/memories/mem-1785764089426-b01c1fac.md — quem gravar por último apaga o outro
   - costa-de-ferro/porto-negro/taverna-do-gancho/coppo-rato-de-cais/memories/mem-1785764089426-b01c1fac.md: id duplicado: o mesmo id em costa-de-ferro/porto-negro/praca-do-mercado/coppo-rato-de-cais/memories/mem-1785764089426-b01c1fac.md — quem gravar por último apaga o outro
   - costa-de-ferro/porto-negro/boticario-da-raiz-torta/fenn-dedos-leves/memories/mem-1785764264962-3ca0098a.md: id duplicado: o mesmo id em costa-de-ferro/porto-negro/praca-do-mercado/fenn-dedos-leves/memories/mem-1785764264962-3ca0098a.md — quem gravar por último apaga o outro
   - costa-de-ferro/porto-negro/praca-do-mercado/fenn-dedos-leves/memories/mem-1785764264962-3ca0098a.md: id duplicado: o mesmo id em costa-de-ferro/porto-negro/boticario-da-raiz-torta/fenn-dedos-leves/memories/mem-1785764264962-3ca0098a.md — quem gravar por último apaga o outro
   - costa-de-ferro/porto-negro/praca-do-mercado/sarga-contrabandista/memories/mem-1785764264967-8241c990.md: id duplicado: o mesmo id em costa-de-ferro/porto-negro/sarga-contrabandista/memories/mem-1785764264967-8241c990.md — quem gravar por último apaga o outro
   - costa-de-ferro/porto-negro/sarga-contrabandista/memories/mem-1785764264967-8241c990.md: id duplicado: o mesmo id em costa-de-ferro/porto-negro/praca-do-mercado/sarga-contrabandista/memories/mem-1785764264967-8241c990.md — quem gravar por último apaga o outro
   - costa-de-ferro/porto-negro/cais-velho/hulda-estivadora/memories/mem-1785764264998-a4b6628f.md: id duplicado: o mesmo id em costa-de-ferro/porto-negro/praca-do-mercado/hulda-estivadora/memories/mem-1785764264998-a4b6628f.md — quem gravar por último apaga o outro
   - costa-de-ferro/porto-negro/praca-do-mercado/hulda-estivadora/memories/mem-1785764264998-a4b6628f.md: id duplicado: o mesmo id em costa-de-ferro/porto-negro/cais-velho/hulda-estivadora/memories/mem-1785764264998-a4b6628f.md — quem gravar por último apaga o outro
   - costa-de-ferro/porto-negro/praca-do-mercado/doncel-bebado/memories/mem-1785764265022-92ca97b4.md: id duplicado: o mesmo id em costa-de-ferro/porto-negro/taverna-do-gancho/doncel-bebado/memories/mem-1785764265022-92ca97b4.md — quem gravar por último apaga o outro
   - costa-de-ferro/porto-negro/taverna-do-gancho/doncel-bebado/memories/mem-1785764265022-92ca97b4.md: id duplicado: o mesmo id em costa-de-ferro/porto-negro/praca-do-mercado/doncel-bebado/memories/mem-1785764265022-92ca97b4.md — quem gravar por último apaga o outro
   - costa-de-ferro/porto-negro/praca-do-mercado/coppo-rato-de-cais/memories/mem-1785765706390-cde81755.md: id duplicado: o mesmo id em costa-de-ferro/porto-negro/taverna-do-gancho/coppo-rato-de-cais/memories/mem-1785765706390-cde81755.md — quem gravar por último apaga o outro
   - costa-de-ferro/porto-negro/taverna-do-gancho/coppo-rato-de-cais/memories/mem-1785765706390-cde81755.md: id duplicado: o mesmo id em costa-de-ferro/porto-negro/praca-do-mercado/coppo-rato-de-cais/memories/mem-1785765706390-cde81755.md — quem gravar por último apaga o outro
   - costa-de-ferro/porto-negro/praca-do-mercado/coppo-rato-de-cais/memories/mem-1785765864070-e5d3bca1.md: id duplicado: o mesmo id em costa-de-ferro/porto-negro/taverna-do-gancho/coppo-rato-de-cais/memories/mem-1785765864070-e5d3bca1.md — quem gravar por último apaga o outro
   - costa-de-ferro/porto-negro/taverna-do-gancho/coppo-rato-de-cais/memories/mem-1785765864070-e5d3bca1.md: id duplicado: o mesmo id em costa-de-ferro/porto-negro/praca-do-mercado/coppo-rato-de-cais/memories/mem-1785765864070-e5d3bca1.md — quem gravar por último apaga o outro
   - costa-de-ferro/porto-negro/cais-velho/hulda-estivadora/memories/mem-1785765864081-dca524b9.md: id duplicado: o mesmo id em costa-de-ferro/porto-negro/praca-do-mercado/hulda-estivadora/memories/mem-1785765864081-dca524b9.md — quem gravar por último apaga o outro
   - costa-de-ferro/porto-negro/praca-do-mercado/hulda-estivadora/memories/mem-1785765864081-dca524b9.md: id duplicado: o mesmo id em costa-de-ferro/porto-negro/cais-velho/hulda-estivadora/memories/mem-1785765864081-dca524b9.md — quem gravar por último apaga o outro
   - costa-de-ferro/porto-negro/praca-do-mercado/sarga-contrabandista/memories/mem-1785765864084-d953b011.md: id duplicado: o mesmo id em costa-de-ferro/porto-negro/sarga-contrabandista/memories/mem-1785765864084-d953b011.md — quem gravar por último apaga o outro
   - costa-de-ferro/porto-negro/sarga-contrabandista/memories/mem-1785765864084-d953b011.md: id duplicado: o mesmo id em costa-de-ferro/porto-negro/praca-do-mercado/sarga-contrabandista/memories/mem-1785765864084-d953b011.md — quem gravar por último apaga o outro
   - costa-de-ferro/porto-negro/boticario-da-raiz-torta/fenn-dedos-leves/memories/mem-1785765864086-84bd9c48.md: id duplicado: o mesmo id em costa-de-ferro/porto-negro/praca-do-mercado/fenn-dedos-leves/memories/mem-1785765864086-84bd9c48.md — quem gravar por último apaga o outro
   - costa-de-ferro/porto-negro/praca-do-mercado/fenn-dedos-leves/memories/mem-1785765864086-84bd9c48.md: id duplicado: o mesmo id em costa-de-ferro/porto-negro/boticario-da-raiz-torta/fenn-dedos-leves/memories/mem-1785765864086-84bd9c48.md — quem gravar por último apaga o outro
   - costa-de-ferro/porto-negro/praca-do-mercado/doncel-bebado/memories/mem-1785765864090-b8cfacf3.md: id duplicado: o mesmo id em costa-de-ferro/porto-negro/taverna-do-gancho/doncel-bebado/memories/mem-1785765864090-b8cfacf3.md — quem gravar por último apaga o outro
   - costa-de-ferro/porto-negro/taverna-do-gancho/doncel-bebado/memories/mem-1785765864090-b8cfacf3.md: id duplicado: o mesmo id em costa-de-ferro/porto-negro/praca-do-mercado/doncel-bebado/memories/mem-1785765864090-b8cfacf3.md — quem gravar por último apaga o outro
   - costa-de-ferro/porto-negro/praca-do-mercado/coppo-rato-de-cais/memories/mem-1785765926324-47443ea4.md: id duplicado: o mesmo id em costa-de-ferro/porto-negro/taverna-do-gancho/coppo-rato-de-cais/memories/mem-1785765926324-47443ea4.md — quem gravar por último apaga o outro
   - costa-de-ferro/porto-negro/taverna-do-gancho/coppo-rato-de-cais/memories/mem-1785765926324-47443ea4.md: id duplicado: o mesmo id em costa-de-ferro/porto-negro/praca-do-mercado/coppo-rato-de-cais/memories/mem-1785765926324-47443ea4.md — quem gravar por último apaga o outro
   - costa-de-ferro/porto-negro/praca-do-mercado/coppo-rato-de-cais/memories/mem-1785766704355-f2c158ab.md: id duplicado: o mesmo id em costa-de-ferro/porto-negro/taverna-do-gancho/coppo-rato-de-cais/memories/mem-1785766704355-f2c158ab.md — quem gravar por último apaga o outro
   - costa-de-ferro/porto-negro/taverna-do-gancho/coppo-rato-de-cais/memories/mem-1785766704355-f2c158ab.md: id duplicado: o mesmo id em costa-de-ferro/porto-negro/praca-do-mercado/coppo-rato-de-cais/memories/mem-1785766704355-f2c158ab.md — quem gravar por último apaga o outro
   - costa-de-ferro/porto-negro/praca-do-mercado/coppo-rato-de-cais/memories/mem-1785766827657-9d35a9cb.md: id duplicado: o mesmo id em costa-de-ferro/porto-negro/taverna-do-gancho/coppo-rato-de-cais/memories/mem-1785766827657-9d35a9cb.md — quem gravar por último apaga o outro
   - costa-de-ferro/porto-negro/taverna-do-gancho/coppo-rato-de-cais/memories/mem-1785766827657-9d35a9cb.md: id duplicado: o mesmo id em costa-de-ferro/porto-negro/praca-do-mercado/coppo-rato-de-cais/memories/mem-1785766827657-9d35a9cb.md — quem gravar por último apaga o outro
   - costa-de-ferro/porto-negro/praca-do-mercado/coppo-rato-de-cais/memories/mem-1785766965874-9e26f4f1.md: id duplicado: o mesmo id em costa-de-ferro/porto-negro/taverna-do-gancho/coppo-rato-de-cais/memories/mem-1785766965874-9e26f4f1.md — quem gravar por último apaga o outro
   - costa-de-ferro/porto-negro/taverna-do-gancho/coppo-rato-de-cais/memories/mem-1785766965874-9e26f4f1.md: id duplicado: o mesmo id em costa-de-ferro/porto-negro/praca-do-mercado/coppo-rato-de-cais/memories/mem-1785766965874-9e26f4f1.md — quem gravar por último apaga o outro
   - costa-de-ferro/porto-negro/praca-do-mercado/coppo-rato-de-cais/memories/mem-1785767082811-84b4f982.md: id duplicado: o mesmo id em costa-de-ferro/porto-negro/taverna-do-gancho/coppo-rato-de-cais/memories/mem-1785767082811-84b4f982.md — quem gravar por último apaga o outro
   - costa-de-ferro/porto-negro/taverna-do-gancho/coppo-rato-de-cais/memories/mem-1785767082811-84b4f982.md: id duplicado: o mesmo id em costa-de-ferro/porto-negro/praca-do-mercado/coppo-rato-de-cais/memories/mem-1785767082811-84b4f982.md — quem gravar por último apaga o outro
   - costa-de-ferro/porto-negro/praca-do-mercado/coppo-rato-de-cais/memories/mem-1785779912119-16e4a6a2.md: id duplicado: o mesmo id em costa-de-ferro/porto-negro/taverna-do-gancho/coppo-rato-de-cais/memories/mem-1785779912119-16e4a6a2.md — quem gravar por último apaga o outro
   - costa-de-ferro/porto-negro/taverna-do-gancho/coppo-rato-de-cais/memories/mem-1785779912119-16e4a6a2.md: id duplicado: o mesmo id em costa-de-ferro/porto-negro/praca-do-mercado/coppo-rato-de-cais/memories/mem-1785779912119-16e4a6a2.md — quem gravar por último apaga o outro
   - costa-de-ferro/porto-negro/cais-velho/hulda-estivadora/memories/mem-1785813683477-1979305e.md: id duplicado: o mesmo id em costa-de-ferro/porto-negro/praca-do-mercado/hulda-estivadora/memories/mem-1785813683477-1979305e.md — quem gravar por último apaga o outro
   - costa-de-ferro/porto-negro/praca-do-mercado/hulda-estivadora/memories/mem-1785813683477-1979305e.md: id duplicado: o mesmo id em costa-de-ferro/porto-negro/cais-velho/hulda-estivadora/memories/mem-1785813683477-1979305e.md — quem gravar por último apaga o outro
   - costa-de-ferro/porto-negro/praca-do-mercado/sarga-contrabandista/memories/mem-1785813683479-00a65302.md: id duplicado: o mesmo id em costa-de-ferro/porto-negro/sarga-contrabandista/memories/mem-1785813683479-00a65302.md — quem gravar por último apaga o outro
   - costa-de-ferro/porto-negro/sarga-contrabandista/memories/mem-1785813683479-00a65302.md: id duplicado: o mesmo id em costa-de-ferro/porto-negro/praca-do-mercado/sarga-contrabandista/memories/mem-1785813683479-00a65302.md — quem gravar por último apaga o outro
   - costa-de-ferro/porto-negro/praca-do-mercado/coppo-rato-de-cais/memories/mem-1785813683488-b97774fc.md: id duplicado: o mesmo id em costa-de-ferro/porto-negro/taverna-do-gancho/coppo-rato-de-cais/memories/mem-1785813683488-b97774fc.md — quem gravar por último apaga o outro
   - costa-de-ferro/porto-negro/taverna-do-gancho/coppo-rato-de-cais/memories/mem-1785813683488-b97774fc.md: id duplicado: o mesmo id em costa-de-ferro/porto-negro/praca-do-mercado/coppo-rato-de-cais/memories/mem-1785813683488-b97774fc.md — quem gravar por último apaga o outro
   - costa-de-ferro/porto-negro/praca-do-mercado/coppo-rato-de-cais/memories/mem-1785813787588-2f4a65ab.md: id duplicado: o mesmo id em costa-de-ferro/porto-negro/taverna-do-gancho/coppo-rato-de-cais/memories/mem-1785813787588-2f4a65ab.md — quem gravar por último apaga o outro
   - costa-de-ferro/porto-negro/taverna-do-gancho/coppo-rato-de-cais/memories/mem-1785813787588-2f4a65ab.md: id duplicado: o mesmo id em costa-de-ferro/porto-negro/praca-do-mercado/coppo-rato-de-cais/memories/mem-1785813787588-2f4a65ab.md — quem gravar por último apaga o outro
   - costa-de-ferro/porto-negro/cais-velho/hulda-estivadora/memories/mem-1785813824211-21a5fa13.md: id duplicado: o mesmo id em costa-de-ferro/porto-negro/praca-do-mercado/hulda-estivadora/memories/mem-1785813824211-21a5fa13.md — quem gravar por último apaga o outro
   - costa-de-ferro/porto-negro/praca-do-mercado/hulda-estivadora/memories/mem-1785813824211-21a5fa13.md: id duplicado: o mesmo id em costa-de-ferro/porto-negro/cais-velho/hulda-estivadora/memories/mem-1785813824211-21a5fa13.md — quem gravar por último apaga o outro
   - costa-de-ferro/porto-negro/praca-do-mercado/sarga-contrabandista/memories/mem-1785813824213-47dc535b.md: id duplicado: o mesmo id em costa-de-ferro/porto-negro/sarga-contrabandista/memories/mem-1785813824213-47dc535b.md — quem gravar por último apaga o outro
   - costa-de-ferro/porto-negro/sarga-contrabandista/memories/mem-1785813824213-47dc535b.md: id duplicado: o mesmo id em costa-de-ferro/porto-negro/praca-do-mercado/sarga-contrabandista/memories/mem-1785813824213-47dc535b.md — quem gravar por último apaga o outro
   - costa-de-ferro/porto-negro/boticario-da-raiz-torta/fenn-dedos-leves/memories/mem-1785813824215-8eb86c4a.md: id duplicado: o mesmo id em costa-de-ferro/porto-negro/praca-do-mercado/fenn-dedos-leves/memories/mem-1785813824215-8eb86c4a.md — quem gravar por último apaga o outro
   - costa-de-ferro/porto-negro/praca-do-mercado/fenn-dedos-leves/memories/mem-1785813824215-8eb86c4a.md: id duplicado: o mesmo id em costa-de-ferro/porto-negro/boticario-da-raiz-torta/fenn-dedos-leves/memories/mem-1785813824215-8eb86c4a.md — quem gravar por último apaga o outro
   - costa-de-ferro/porto-negro/praca-do-mercado/coppo-rato-de-cais/memories/mem-1785813824221-05b67ab5.md: id duplicado: o mesmo id em costa-de-ferro/porto-negro/taverna-do-gancho/coppo-rato-de-cais/memories/mem-1785813824221-05b67ab5.md — quem gravar por último apaga o outro
   - costa-de-ferro/porto-negro/taverna-do-gancho/coppo-rato-de-cais/memories/mem-1785813824221-05b67ab5.md: id duplicado: o mesmo id em costa-de-ferro/porto-negro/praca-do-mercado/coppo-rato-de-cais/memories/mem-1785813824221-05b67ab5.md — quem gravar por último apaga o outro
   - costa-de-ferro/porto-negro/cais-velho/hulda-estivadora/memories/mem-1785814428884-443287cb.md: id duplicado: o mesmo id em costa-de-ferro/porto-negro/praca-do-mercado/hulda-estivadora/memories/mem-1785814428884-443287cb.md — quem gravar por último apaga o outro
   - costa-de-ferro/porto-negro/praca-do-mercado/hulda-estivadora/memories/mem-1785814428884-443287cb.md: id duplicado: o mesmo id em costa-de-ferro/porto-negro/cais-velho/hulda-estivadora/memories/mem-1785814428884-443287cb.md — quem gravar por último apaga o outro
   - costa-de-ferro/porto-negro/cais-velho/hulda-estivadora/memories/mem-1785814621453-253f7e62.md: id duplicado: o mesmo id em costa-de-ferro/porto-negro/praca-do-mercado/hulda-estivadora/memories/mem-1785814621453-253f7e62.md — quem gravar por último apaga o outro
   - costa-de-ferro/porto-negro/praca-do-mercado/hulda-estivadora/memories/mem-1785814621453-253f7e62.md: id duplicado: o mesmo id em costa-de-ferro/porto-negro/cais-velho/hulda-estivadora/memories/mem-1785814621453-253f7e62.md — quem gravar por último apaga o outro
   - costa-de-ferro/porto-negro/cais-velho/hulda-estivadora/memories/mem-1785814721318-a2e6af1e.md: id duplicado: o mesmo id em costa-de-ferro/porto-negro/praca-do-mercado/hulda-estivadora/memories/mem-1785814721318-a2e6af1e.md — quem gravar por último apaga o outro
   - costa-de-ferro/porto-negro/praca-do-mercado/hulda-estivadora/memories/mem-1785814721318-a2e6af1e.md: id duplicado: o mesmo id em costa-de-ferro/porto-negro/cais-velho/hulda-estivadora/memories/mem-1785814721318-a2e6af1e.md — quem gravar por último apaga o outro
   - costa-de-ferro/porto-negro/cais-velho/hulda-estivadora/memories/mem-1785814810732-ca1d35d7.md: id duplicado: o mesmo id em costa-de-ferro/porto-negro/praca-do-mercado/hulda-estivadora/memories/mem-1785814810732-ca1d35d7.md — quem gravar por último apaga o outro
   - costa-de-ferro/porto-negro/praca-do-mercado/hulda-estivadora/memories/mem-1785814810732-ca1d35d7.md: id duplicado: o mesmo id em costa-de-ferro/porto-negro/cais-velho/hulda-estivadora/memories/mem-1785814810732-ca1d35d7.md — quem gravar por último apaga o outro
   - costa-de-ferro/porto-negro/cais-velho/hulda-estivadora/memories/mem-1785814899984-3de0411e.md: id duplicado: o mesmo id em costa-de-ferro/porto-negro/praca-do-mercado/hulda-estivadora/memories/mem-1785814899984-3de0411e.md — quem gravar por último apaga o outro
   - costa-de-ferro/porto-negro/praca-do-mercado/hulda-estivadora/memories/mem-1785814899984-3de0411e.md: id duplicado: o mesmo id em costa-de-ferro/porto-negro/cais-velho/hulda-estivadora/memories/mem-1785814899984-3de0411e.md — quem gravar por último apaga o outro
   - costa-de-ferro/porto-negro/cais-velho/hulda-estivadora/memories/mem-1785814988086-ebd1c864.md: id duplicado: o mesmo id em costa-de-ferro/porto-negro/praca-do-mercado/hulda-estivadora/memories/mem-1785814988086-ebd1c864.md — quem gravar por último apaga o outro
   - costa-de-ferro/porto-negro/praca-do-mercado/hulda-estivadora/memories/mem-1785814988086-ebd1c864.md: id duplicado: o mesmo id em costa-de-ferro/porto-negro/cais-velho/hulda-estivadora/memories/mem-1785814988086-ebd1c864.md — quem gravar por último apaga o outro
   - costa-de-ferro/porto-negro/cais-velho/hulda-estivadora/memories/mem-1785815161769-1d101bbf.md: id duplicado: o mesmo id em costa-de-ferro/porto-negro/praca-do-mercado/hulda-estivadora/memories/mem-1785815161769-1d101bbf.md — quem gravar por último apaga o outro
   - costa-de-ferro/porto-negro/praca-do-mercado/hulda-estivadora/memories/mem-1785815161769-1d101bbf.md: id duplicado: o mesmo id em costa-de-ferro/porto-negro/cais-velho/hulda-estivadora/memories/mem-1785815161769-1d101bbf.md — quem gravar por último apaga o outro
   - costa-de-ferro/porto-negro/cais-velho/hulda-estivadora/memories/mem-1785815268860-6a5c133c.md: id duplicado: o mesmo id em costa-de-ferro/porto-negro/praca-do-mercado/hulda-estivadora/memories/mem-1785815268860-6a5c133c.md — quem gravar por último apaga o outro
   - costa-de-ferro/porto-negro/praca-do-mercado/hulda-estivadora/memories/mem-1785815268860-6a5c133c.md: id duplicado: o mesmo id em costa-de-ferro/porto-negro/cais-velho/hulda-estivadora/memories/mem-1785815268860-6a5c133c.md — quem gravar por último apaga o outro
   - costa-de-ferro/porto-negro/cais-velho/hulda-estivadora/memories/mem-1785815456892-ce2f03f8.md: id duplicado: o mesmo id em costa-de-ferro/porto-negro/praca-do-mercado/hulda-estivadora/memories/mem-1785815456892-ce2f03f8.md — quem gravar por último apaga o outro
   - costa-de-ferro/porto-negro/praca-do-mercado/hulda-estivadora/memories/mem-1785815456892-ce2f03f8.md: id duplicado: o mesmo id em costa-de-ferro/porto-negro/cais-velho/hulda-estivadora/memories/mem-1785815456892-ce2f03f8.md — quem gravar por último apaga o outro
   - costa-de-ferro/porto-negro/cais-velho/hulda-estivadora/memories/mem-1785815679490-6f2b2f1c.md: id duplicado: o mesmo id em costa-de-ferro/porto-negro/praca-do-mercado/hulda-estivadora/memories/mem-1785815679490-6f2b2f1c.md — quem gravar por último apaga o outro
   - costa-de-ferro/porto-negro/praca-do-mercado/hulda-estivadora/memories/mem-1785815679490-6f2b2f1c.md: id duplicado: o mesmo id em costa-de-ferro/porto-negro/cais-velho/hulda-estivadora/memories/mem-1785815679490-6f2b2f1c.md — quem gravar por último apaga o outro
   - costa-de-ferro/porto-negro/cais-velho/hulda-estivadora/memories/mem-1785815679508-d6f27cea.md: id duplicado: o mesmo id em costa-de-ferro/porto-negro/praca-do-mercado/hulda-estivadora/memories/mem-1785815679508-d6f27cea.md — quem gravar por último apaga o outro
   - costa-de-ferro/porto-negro/praca-do-mercado/hulda-estivadora/memories/mem-1785815679508-d6f27cea.md: id duplicado: o mesmo id em costa-de-ferro/porto-negro/cais-velho/hulda-estivadora/memories/mem-1785815679508-d6f27cea.md — quem gravar por último apaga o outro
   - costa-de-ferro/porto-negro/cais-velho/hulda-estivadora/memories/mem-1785815900077-e1ef94f3.md: id duplicado: o mesmo id em costa-de-ferro/porto-negro/praca-do-mercado/hulda-estivadora/memories/mem-1785815900077-e1ef94f3.md — quem gravar por último apaga o outro
   - costa-de-ferro/porto-negro/praca-do-mercado/hulda-estivadora/memories/mem-1785815900077-e1ef94f3.md: id duplicado: o mesmo id em costa-de-ferro/porto-negro/cais-velho/hulda-estivadora/memories/mem-1785815900077-e1ef94f3.md — quem gravar por último apaga o outro
   - costa-de-ferro/porto-negro/cais-velho/hulda-estivadora/memories/mem-1785816052419-e12f603e.md: id duplicado: o mesmo id em costa-de-ferro/porto-negro/praca-do-mercado/hulda-estivadora/memories/mem-1785816052419-e12f603e.md — quem gravar por último apaga o outro
   - costa-de-ferro/porto-negro/praca-do-mercado/hulda-estivadora/memories/mem-1785816052419-e12f603e.md: id duplicado: o mesmo id em costa-de-ferro/porto-negro/cais-velho/hulda-estivadora/memories/mem-1785816052419-e12f603e.md — quem gravar por último apaga o outro
   - costa-de-ferro/porto-negro/cais-velho/hulda-estivadora/memories/mem-1785816232552-0c30e140.md: id duplicado: o mesmo id em costa-de-ferro/porto-negro/praca-do-mercado/hulda-estivadora/memories/mem-1785816232552-0c30e140.md — quem gravar por último apaga o outro
   - costa-de-ferro/porto-negro/praca-do-mercado/hulda-estivadora/memories/mem-1785816232552-0c30e140.md: id duplicado: o mesmo id em costa-de-ferro/porto-negro/cais-velho/hulda-estivadora/memories/mem-1785816232552-0c30e140.md — quem gravar por último apaga o outro
   - costa-de-ferro/porto-negro/cais-velho/hulda-estivadora/memories/mem-1785816384795-7317d67c.md: id duplicado: o mesmo id em costa-de-ferro/porto-negro/praca-do-mercado/hulda-estivadora/memories/mem-1785816384795-7317d67c.md — quem gravar por último apaga o outro
   - costa-de-ferro/porto-negro/praca-do-mercado/hulda-estivadora/memories/mem-1785816384795-7317d67c.md: id duplicado: o mesmo id em costa-de-ferro/porto-negro/cais-velho/hulda-estivadora/memories/mem-1785816384795-7317d67c.md — quem gravar por último apaga o outro
   - costa-de-ferro/porto-negro/cais-velho/hulda-estivadora/memories/mem-1785816392030-3fd7ca92.md: id duplicado: o mesmo id em costa-de-ferro/porto-negro/praca-do-mercado/hulda-estivadora/memories/mem-1785816392030-3fd7ca92.md — quem gravar por último apaga o outro
   - costa-de-ferro/porto-negro/praca-do-mercado/hulda-estivadora/memories/mem-1785816392030-3fd7ca92.md: id duplicado: o mesmo id em costa-de-ferro/porto-negro/cais-velho/hulda-estivadora/memories/mem-1785816392030-3fd7ca92.md — quem gravar por último apaga o outro
   - costa-de-ferro/porto-negro/cais-velho/hulda-estivadora/memories/mem-1785816406772-afb6fb78.md: id duplicado: o mesmo id em costa-de-ferro/porto-negro/praca-do-mercado/hulda-estivadora/memories/mem-1785816406772-afb6fb78.md — quem gravar por último apaga o outro
   - costa-de-ferro/porto-negro/praca-do-mercado/hulda-estivadora/memories/mem-1785816406772-afb6fb78.md: id duplicado: o mesmo id em costa-de-ferro/porto-negro/cais-velho/hulda-estivadora/memories/mem-1785816406772-afb6fb78.md — quem gravar por último apaga o outro
   - costa-de-ferro/porto-negro/cais-velho/hulda-estivadora/memories/mem-1785816529281-55c4d9bc.md: id duplicado: o mesmo id em costa-de-ferro/porto-negro/praca-do-mercado/hulda-estivadora/memories/mem-1785816529281-55c4d9bc.md — quem gravar por último apaga o outro
   - costa-de-ferro/porto-negro/praca-do-mercado/hulda-estivadora/memories/mem-1785816529281-55c4d9bc.md: id duplicado: o mesmo id em costa-de-ferro/porto-negro/cais-velho/hulda-estivadora/memories/mem-1785816529281-55c4d9bc.md — quem gravar por último apaga o outro
   - costa-de-ferro/porto-negro/cais-velho/hulda-estivadora/memories/mem-1785816529301-db592b89.md: id duplicado: o mesmo id em costa-de-ferro/porto-negro/praca-do-mercado/hulda-estivadora/memories/mem-1785816529301-db592b89.md — quem gravar por último apaga o outro
   - costa-de-ferro/porto-negro/praca-do-mercado/hulda-estivadora/memories/mem-1785816529301-db592b89.md: id duplicado: o mesmo id em costa-de-ferro/porto-negro/cais-velho/hulda-estivadora/memories/mem-1785816529301-db592b89.md — quem gravar por último apaga o outro
   - costa-de-ferro/porto-negro/cais-velho/hulda-estivadora/memories/mem-1785816619963-61e7c307.md: id duplicado: o mesmo id em costa-de-ferro/porto-negro/praca-do-mercado/hulda-estivadora/memories/mem-1785816619963-61e7c307.md — quem gravar por último apaga o outro
   - costa-de-ferro/porto-negro/praca-do-mercado/hulda-estivadora/memories/mem-1785816619963-61e7c307.md: id duplicado: o mesmo id em costa-de-ferro/porto-negro/cais-velho/hulda-estivadora/memories/mem-1785816619963-61e7c307.md — quem gravar por último apaga o outro
   - costa-de-ferro/porto-negro/cais-velho/hulda-estivadora/memories/mem-1785816619992-dfb6a692.md: id duplicado: o mesmo id em costa-de-ferro/porto-negro/praca-do-mercado/hulda-estivadora/memories/mem-1785816619992-dfb6a692.md — quem gravar por último apaga o outro
   - costa-de-ferro/porto-negro/praca-do-mercado/hulda-estivadora/memories/mem-1785816619992-dfb6a692.md: id duplicado: o mesmo id em costa-de-ferro/porto-negro/cais-velho/hulda-estivadora/memories/mem-1785816619992-dfb6a692.md — quem gravar por último apaga o outro
   - costa-de-ferro/porto-negro/cais-velho/hulda-estivadora/memories/mem-1785816628394-d11bbb7d.md: id duplicado: o mesmo id em costa-de-ferro/porto-negro/praca-do-mercado/hulda-estivadora/memories/mem-1785816628394-d11bbb7d.md — quem gravar por último apaga o outro
   - costa-de-ferro/porto-negro/praca-do-mercado/hulda-estivadora/memories/mem-1785816628394-d11bbb7d.md: id duplicado: o mesmo id em costa-de-ferro/porto-negro/cais-velho/hulda-estivadora/memories/mem-1785816628394-d11bbb7d.md — quem gravar por último apaga o outro
   - costa-de-ferro/porto-negro/cais-velho/hulda-estivadora/memories/mem-1785816831181-625f911d.md: id duplicado: o mesmo id em costa-de-ferro/porto-negro/praca-do-mercado/hulda-estivadora/memories/mem-1785816831181-625f911d.md — quem gravar por último apaga o outro
   - costa-de-ferro/porto-negro/praca-do-mercado/hulda-estivadora/memories/mem-1785816831181-625f911d.md: id duplicado: o mesmo id em costa-de-ferro/porto-negro/cais-velho/hulda-estivadora/memories/mem-1785816831181-625f911d.md — quem gravar por último apaga o outro
   - costa-de-ferro/porto-negro/cais-velho/hulda-estivadora/memories/mem-1785816834633-a92a642f.md: id duplicado: o mesmo id em costa-de-ferro/porto-negro/praca-do-mercado/hulda-estivadora/memories/mem-1785816834633-a92a642f.md — quem gravar por último apaga o outro
   - costa-de-ferro/porto-negro/praca-do-mercado/hulda-estivadora/memories/mem-1785816834633-a92a642f.md: id duplicado: o mesmo id em costa-de-ferro/porto-negro/cais-velho/hulda-estivadora/memories/mem-1785816834633-a92a642f.md — quem gravar por último apaga o outro
   - costa-de-ferro/porto-negro/cais-velho/hulda-estivadora/memories/mem-1785816934299-3163591e.md: id duplicado: o mesmo id em costa-de-ferro/porto-negro/praca-do-mercado/hulda-estivadora/memories/mem-1785816934299-3163591e.md — quem gravar por último apaga o outro
   - costa-de-ferro/porto-negro/praca-do-mercado/hulda-estivadora/memories/mem-1785816934299-3163591e.md: id duplicado: o mesmo id em costa-de-ferro/porto-negro/cais-velho/hulda-estivadora/memories/mem-1785816934299-3163591e.md — quem gravar por último apaga o outro
   - costa-de-ferro/porto-negro/cais-velho/hulda-estivadora/memories/mem-1785817030016-6821c013.md: id duplicado: o mesmo id em costa-de-ferro/porto-negro/praca-do-mercado/hulda-estivadora/memories/mem-1785817030016-6821c013.md — quem gravar por último apaga o outro
   - costa-de-ferro/porto-negro/praca-do-mercado/hulda-estivadora/memories/mem-1785817030016-6821c013.md: id duplicado: o mesmo id em costa-de-ferro/porto-negro/cais-velho/hulda-estivadora/memories/mem-1785817030016-6821c013.md — quem gravar por último apaga o outro
   - costa-de-ferro/porto-negro/cais-velho/hulda-estivadora/memories/mem-1785817209272-c2f41f7c.md: id duplicado: o mesmo id em costa-de-ferro/porto-negro/praca-do-mercado/hulda-estivadora/memories/mem-1785817209272-c2f41f7c.md — quem gravar por último apaga o outro
   - costa-de-ferro/porto-negro/praca-do-mercado/hulda-estivadora/memories/mem-1785817209272-c2f41f7c.md: id duplicado: o mesmo id em costa-de-ferro/porto-negro/cais-velho/hulda-estivadora/memories/mem-1785817209272-c2f41f7c.md — quem gravar por último apaga o outro
   - costa-de-ferro/porto-negro/cais-velho/hulda-estivadora/memories/mem-1785817321537-f930dea2.md: id duplicado: o mesmo id em costa-de-ferro/porto-negro/praca-do-mercado/hulda-estivadora/memories/mem-1785817321537-f930dea2.md — quem gravar por último apaga o outro
   - costa-de-ferro/porto-negro/praca-do-mercado/hulda-estivadora/memories/mem-1785817321537-f930dea2.md: id duplicado: o mesmo id em costa-de-ferro/porto-negro/cais-velho/hulda-estivadora/memories/mem-1785817321537-f930dea2.md — quem gravar por último apaga o outro
   - costa-de-ferro/porto-negro/cais-velho/hulda-estivadora/memories/mem-1785817405945-42bd2d3d.md: id duplicado: o mesmo id em costa-de-ferro/porto-negro/praca-do-mercado/hulda-estivadora/memories/mem-1785817405945-42bd2d3d.md — quem gravar por último apaga o outro
   - costa-de-ferro/porto-negro/praca-do-mercado/hulda-estivadora/memories/mem-1785817405945-42bd2d3d.md: id duplicado: o mesmo id em costa-de-ferro/porto-negro/cais-velho/hulda-estivadora/memories/mem-1785817405945-42bd2d3d.md — quem gravar por último apaga o outro
   - costa-de-ferro/porto-negro/cais-velho/hulda-estivadora/memories/mem-1785817609691-10b9759a.md: id duplicado: o mesmo id em costa-de-ferro/porto-negro/praca-do-mercado/hulda-estivadora/memories/mem-1785817609691-10b9759a.md — quem gravar por último apaga o outro
   - costa-de-ferro/porto-negro/praca-do-mercado/hulda-estivadora/memories/mem-1785817609691-10b9759a.md: id duplicado: o mesmo id em costa-de-ferro/porto-negro/cais-velho/hulda-estivadora/memories/mem-1785817609691-10b9759a.md — quem gravar por último apaga o outro
   - costa-de-ferro/porto-negro/cais-velho/hulda-estivadora/memories/mem-1785817714928-d878c1a7.md: id duplicado: o mesmo id em costa-de-ferro/porto-negro/praca-do-mercado/hulda-estivadora/memories/mem-1785817714928-d878c1a7.md — quem gravar por último apaga o outro
   - costa-de-ferro/porto-negro/praca-do-mercado/hulda-estivadora/memories/mem-1785817714928-d878c1a7.md: id duplicado: o mesmo id em costa-de-ferro/porto-negro/cais-velho/hulda-estivadora/memories/mem-1785817714928-d878c1a7.md — quem gravar por último apaga o outro
   - costa-de-ferro/porto-negro/cais-velho/hulda-estivadora/memories/mem-1785817714963-7f7191eb.md: id duplicado: o mesmo id em costa-de-ferro/porto-negro/praca-do-mercado/hulda-estivadora/memories/mem-1785817714963-7f7191eb.md — quem gravar por último apaga o outro
   - costa-de-ferro/porto-negro/praca-do-mercado/hulda-estivadora/memories/mem-1785817714963-7f7191eb.md: id duplicado: o mesmo id em costa-de-ferro/porto-negro/cais-velho/hulda-estivadora/memories/mem-1785817714963-7f7191eb.md — quem gravar por último apaga o outro
   - costa-de-ferro/porto-negro/cais-velho/hulda-estivadora/memories/mem-1785817934537-6a767c13.md: id duplicado: o mesmo id em costa-de-ferro/porto-negro/praca-do-mercado/hulda-estivadora/memories/mem-1785817934537-6a767c13.md — quem gravar por último apaga o outro
   - costa-de-ferro/porto-negro/praca-do-mercado/hulda-estivadora/memories/mem-1785817934537-6a767c13.md: id duplicado: o mesmo id em costa-de-ferro/porto-negro/cais-velho/hulda-estivadora/memories/mem-1785817934537-6a767c13.md — quem gravar por último apaga o outro
   - costa-de-ferro/porto-negro/cais-velho/hulda-estivadora/memories/mem-1785817934571-2c0c7dee.md: id duplicado: o mesmo id em costa-de-ferro/porto-negro/praca-do-mercado/hulda-estivadora/memories/mem-1785817934571-2c0c7dee.md — quem gravar por último apaga o outro
   - costa-de-ferro/porto-negro/praca-do-mercado/hulda-estivadora/memories/mem-1785817934571-2c0c7dee.md: id duplicado: o mesmo id em costa-de-ferro/porto-negro/cais-velho/hulda-estivadora/memories/mem-1785817934571-2c0c7dee.md — quem gravar por último apaga o outro
   - costa-de-ferro/porto-negro/cais-velho/hulda-estivadora/memories/mem-1785818078219-6ae1be88.md: id duplicado: o mesmo id em costa-de-ferro/porto-negro/praca-do-mercado/hulda-estivadora/memories/mem-1785818078219-6ae1be88.md — quem gravar por último apaga o outro
   - costa-de-ferro/porto-negro/praca-do-mercado/hulda-estivadora/memories/mem-1785818078219-6ae1be88.md: id duplicado: o mesmo id em costa-de-ferro/porto-negro/cais-velho/hulda-estivadora/memories/mem-1785818078219-6ae1be88.md — quem gravar por último apaga o outro
   - costa-de-ferro/porto-negro/cais-velho/hulda-estivadora/memories/mem-1785818078224-4505da58.md: id duplicado: o mesmo id em costa-de-ferro/porto-negro/praca-do-mercado/hulda-estivadora/memories/mem-1785818078224-4505da58.md — quem gravar por último apaga o outro
   - costa-de-ferro/porto-negro/praca-do-mercado/hulda-estivadora/memories/mem-1785818078224-4505da58.md: id duplicado: o mesmo id em costa-de-ferro/porto-negro/cais-velho/hulda-estivadora/memories/mem-1785818078224-4505da58.md — quem gravar por último apaga o outro
   - costa-de-ferro/porto-negro/cais-velho/hulda-estivadora/memories/mem-1785818311620-1d59becc.md: id duplicado: o mesmo id em costa-de-ferro/porto-negro/praca-do-mercado/hulda-estivadora/memories/mem-1785818311620-1d59becc.md — quem gravar por último apaga o outro
   - costa-de-ferro/porto-negro/praca-do-mercado/hulda-estivadora/memories/mem-1785818311620-1d59becc.md: id duplicado: o mesmo id em costa-de-ferro/porto-negro/cais-velho/hulda-estivadora/memories/mem-1785818311620-1d59becc.md — quem gravar por último apaga o outro
   - costa-de-ferro/porto-negro/cais-velho/hulda-estivadora/memories/mem-1785818311629-140592b8.md: id duplicado: o mesmo id em costa-de-ferro/porto-negro/praca-do-mercado/hulda-estivadora/memories/mem-1785818311629-140592b8.md — quem gravar por último apaga o outro
   - costa-de-ferro/porto-negro/praca-do-mercado/hulda-estivadora/memories/mem-1785818311629-140592b8.md: id duplicado: o mesmo id em costa-de-ferro/porto-negro/cais-velho/hulda-estivadora/memories/mem-1785818311629-140592b8.md — quem gravar por último apaga o outro
   - costa-de-ferro/porto-negro/cais-velho/hulda-estivadora/memories/mem-1785818520299-d1d37085.md: id duplicado: o mesmo id em costa-de-ferro/porto-negro/praca-do-mercado/hulda-estivadora/memories/mem-1785818520299-d1d37085.md — quem gravar por último apaga o outro
   - costa-de-ferro/porto-negro/praca-do-mercado/hulda-estivadora/memories/mem-1785818520299-d1d37085.md: id duplicado: o mesmo id em costa-de-ferro/porto-negro/cais-velho/hulda-estivadora/memories/mem-1785818520299-d1d37085.md — quem gravar por último apaga o outro
   - costa-de-ferro/porto-negro/cais-velho/hulda-estivadora/memories/mem-1785818623823-c09bfce7.md: id duplicado: o mesmo id em costa-de-ferro/porto-negro/praca-do-mercado/hulda-estivadora/memories/mem-1785818623823-c09bfce7.md — quem gravar por último apaga o outro
   - costa-de-ferro/porto-negro/praca-do-mercado/hulda-estivadora/memories/mem-1785818623823-c09bfce7.md: id duplicado: o mesmo id em costa-de-ferro/porto-negro/cais-velho/hulda-estivadora/memories/mem-1785818623823-c09bfce7.md — quem gravar por último apaga o outro
   - costa-de-ferro/porto-negro/cais-velho/hulda-estivadora/memories/mem-1785818739401-27ff1b84.md: id duplicado: o mesmo id em costa-de-ferro/porto-negro/praca-do-mercado/hulda-estivadora/memories/mem-1785818739401-27ff1b84.md — quem gravar por último apaga o outro
   - costa-de-ferro/porto-negro/praca-do-mercado/hulda-estivadora/memories/mem-1785818739401-27ff1b84.md: id duplicado: o mesmo id em costa-de-ferro/porto-negro/cais-velho/hulda-estivadora/memories/mem-1785818739401-27ff1b84.md — quem gravar por último apaga o outro
   - costa-de-ferro/porto-negro/cais-velho/hulda-estivadora/memories/mem-1785819065688-84da5aa3.md: id duplicado: o mesmo id em costa-de-ferro/porto-negro/praca-do-mercado/hulda-estivadora/memories/mem-1785819065688-84da5aa3.md — quem gravar por último apaga o outro
   - costa-de-ferro/porto-negro/praca-do-mercado/hulda-estivadora/memories/mem-1785819065688-84da5aa3.md: id duplicado: o mesmo id em costa-de-ferro/porto-negro/cais-velho/hulda-estivadora/memories/mem-1785819065688-84da5aa3.md — quem gravar por último apaga o outro
   - costa-de-ferro/porto-negro/cais-velho/hulda-estivadora/memories/mem-1785819065720-b893ffa3.md: id duplicado: o mesmo id em costa-de-ferro/porto-negro/praca-do-mercado/hulda-estivadora/memories/mem-1785819065720-b893ffa3.md — quem gravar por último apaga o outro
   - costa-de-ferro/porto-negro/praca-do-mercado/hulda-estivadora/memories/mem-1785819065720-b893ffa3.md: id duplicado: o mesmo id em costa-de-ferro/porto-negro/cais-velho/hulda-estivadora/memories/mem-1785819065720-b893ffa3.md — quem gravar por último apaga o outro
   - costa-de-ferro/porto-negro/cais-velho/hulda-estivadora/memories/mem-1785819065757-a983b95e.md: id duplicado: o mesmo id em costa-de-ferro/porto-negro/praca-do-mercado/hulda-estivadora/memories/mem-1785819065757-a983b95e.md — quem gravar por último apaga o outro
   - costa-de-ferro/porto-negro/praca-do-mercado/hulda-estivadora/memories/mem-1785819065757-a983b95e.md: id duplicado: o mesmo id em costa-de-ferro/porto-negro/cais-velho/hulda-estivadora/memories/mem-1785819065757-a983b95e.md — quem gravar por último apaga o outro
   - costa-de-ferro/porto-negro/cais-velho/hulda-estivadora/memories/mem-1785819172451-dd3f128c.md: id duplicado: o mesmo id em costa-de-ferro/porto-negro/praca-do-mercado/hulda-estivadora/memories/mem-1785819172451-dd3f128c.md — quem gravar por último apaga o outro
   - costa-de-ferro/porto-negro/praca-do-mercado/hulda-estivadora/memories/mem-1785819172451-dd3f128c.md: id duplicado: o mesmo id em costa-de-ferro/porto-negro/cais-velho/hulda-estivadora/memories/mem-1785819172451-dd3f128c.md — quem gravar por último apaga o outro
   - costa-de-ferro/porto-negro/cais-velho/hulda-estivadora/memories/mem-1785819172489-451a11d1.md: id duplicado: o mesmo id em costa-de-ferro/porto-negro/praca-do-mercado/hulda-estivadora/memories/mem-1785819172489-451a11d1.md — quem gravar por último apaga o outro
   - costa-de-ferro/porto-negro/praca-do-mercado/hulda-estivadora/memories/mem-1785819172489-451a11d1.md: id duplicado: o mesmo id em costa-de-ferro/porto-negro/cais-velho/hulda-estivadora/memories/mem-1785819172489-451a11d1.md — quem gravar por último apaga o outro
   - costa-de-ferro/porto-negro/cais-velho/hulda-estivadora/memories/mem-1785819366420-bf5dc5eb.md: id duplicado: o mesmo id em costa-de-ferro/porto-negro/praca-do-mercado/hulda-estivadora/memories/mem-1785819366420-bf5dc5eb.md — quem gravar por último apaga o outro
   - costa-de-ferro/porto-negro/praca-do-mercado/hulda-estivadora/memories/mem-1785819366420-bf5dc5eb.md: id duplicado: o mesmo id em costa-de-ferro/porto-negro/cais-velho/hulda-estivadora/memories/mem-1785819366420-bf5dc5eb.md — quem gravar por último apaga o outro
   - costa-de-ferro/porto-negro/cais-velho/hulda-estivadora/memories/mem-1785819465748-fc1c39e0.md: id duplicado: o mesmo id em costa-de-ferro/porto-negro/praca-do-mercado/hulda-estivadora/memories/mem-1785819465748-fc1c39e0.md — quem gravar por último apaga o outro
   - costa-de-ferro/porto-negro/praca-do-mercado/hulda-estivadora/memories/mem-1785819465748-fc1c39e0.md: id duplicado: o mesmo id em costa-de-ferro/porto-negro/cais-velho/hulda-estivadora/memories/mem-1785819465748-fc1c39e0.md — quem gravar por último apaga o outro
   - costa-de-ferro/porto-negro/cais-velho/hulda-estivadora/memories/mem-1785819465787-e24fa28b.md: id duplicado: o mesmo id em costa-de-ferro/porto-negro/praca-do-mercado/hulda-estivadora/memories/mem-1785819465787-e24fa28b.md — quem gravar por último apaga o outro
   - costa-de-ferro/porto-negro/praca-do-mercado/hulda-estivadora/memories/mem-1785819465787-e24fa28b.md: id duplicado: o mesmo id em costa-de-ferro/porto-negro/cais-velho/hulda-estivadora/memories/mem-1785819465787-e24fa28b.md — quem gravar por último apaga o outro
   - costa-de-ferro/porto-negro/cais-velho/hulda-estivadora/memories/mem-1785819577339-db6a4e46.md: id duplicado: o mesmo id em costa-de-ferro/porto-negro/praca-do-mercado/hulda-estivadora/memories/mem-1785819577339-db6a4e46.md — quem gravar por último apaga o outro
   - costa-de-ferro/porto-negro/praca-do-mercado/hulda-estivadora/memories/mem-1785819577339-db6a4e46.md: id duplicado: o mesmo id em costa-de-ferro/porto-negro/cais-velho/hulda-estivadora/memories/mem-1785819577339-db6a4e46.md — quem gravar por último apaga o outro
   - costa-de-ferro/porto-negro/cais-velho/hulda-estivadora/memories/mem-1785819779881-f2a346d8.md: id duplicado: o mesmo id em costa-de-ferro/porto-negro/praca-do-mercado/hulda-estivadora/memories/mem-1785819779881-f2a346d8.md — quem gravar por último apaga o outro
   - costa-de-ferro/porto-negro/praca-do-mercado/hulda-estivadora/memories/mem-1785819779881-f2a346d8.md: id duplicado: o mesmo id em costa-de-ferro/porto-negro/cais-velho/hulda-estivadora/memories/mem-1785819779881-f2a346d8.md — quem gravar por último apaga o outro
   - costa-de-ferro/porto-negro/cais-velho/hulda-estivadora/memories/mem-1785819969257-21493b3c.md: id duplicado: o mesmo id em costa-de-ferro/porto-negro/praca-do-mercado/hulda-estivadora/memories/mem-1785819969257-21493b3c.md — quem gravar por último apaga o outro
   - costa-de-ferro/porto-negro/praca-do-mercado/hulda-estivadora/memories/mem-1785819969257-21493b3c.md: id duplicado: o mesmo id em costa-de-ferro/porto-negro/cais-velho/hulda-estivadora/memories/mem-1785819969257-21493b3c.md — quem gravar por último apaga o outro
   - costa-de-ferro/porto-negro/cais-velho/hulda-estivadora/memories/mem-1785820080583-2cf0ff5d.md: id duplicado: o mesmo id em costa-de-ferro/porto-negro/praca-do-mercado/hulda-estivadora/memories/mem-1785820080583-2cf0ff5d.md — quem gravar por último apaga o outro
   - costa-de-ferro/porto-negro/praca-do-mercado/hulda-estivadora/memories/mem-1785820080583-2cf0ff5d.md: id duplicado: o mesmo id em costa-de-ferro/porto-negro/cais-velho/hulda-estivadora/memories/mem-1785820080583-2cf0ff5d.md — quem gravar por último apaga o outro
   - costa-de-ferro/porto-negro/cais-velho/hulda-estivadora/memories/mem-1785820294778-c31bfdb3.md: id duplicado: o mesmo id em costa-de-ferro/porto-negro/praca-do-mercado/hulda-estivadora/memories/mem-1785820294778-c31bfdb3.md — quem gravar por último apaga o outro
   - costa-de-ferro/porto-negro/praca-do-mercado/hulda-estivadora/memories/mem-1785820294778-c31bfdb3.md: id duplicado: o mesmo id em costa-de-ferro/porto-negro/cais-velho/hulda-estivadora/memories/mem-1785820294778-c31bfdb3.md — quem gravar por último apaga o outro
   - costa-de-ferro/porto-negro/cais-velho/hulda-estivadora/memories/mem-1785820504134-8fb6a5b2.md: id duplicado: o mesmo id em costa-de-ferro/porto-negro/praca-do-mercado/hulda-estivadora/memories/mem-1785820504134-8fb6a5b2.md — quem gravar por último apaga o outro
   - costa-de-ferro/porto-negro/praca-do-mercado/hulda-estivadora/memories/mem-1785820504134-8fb6a5b2.md: id duplicado: o mesmo id em costa-de-ferro/porto-negro/cais-velho/hulda-estivadora/memories/mem-1785820504134-8fb6a5b2.md — quem gravar por último apaga o outro
   - costa-de-ferro/porto-negro/cais-velho/hulda-estivadora/memories/mem-1785820504176-c033a7a3.md: id duplicado: o mesmo id em costa-de-ferro/porto-negro/praca-do-mercado/hulda-estivadora/memories/mem-1785820504176-c033a7a3.md — quem gravar por último apaga o outro
   - costa-de-ferro/porto-negro/praca-do-mercado/hulda-estivadora/memories/mem-1785820504176-c033a7a3.md: id duplicado: o mesmo id em costa-de-ferro/porto-negro/cais-velho/hulda-estivadora/memories/mem-1785820504176-c033a7a3.md — quem gravar por último apaga o outro
   - costa-de-ferro/porto-negro/cais-velho/hulda-estivadora/memories/mem-1785820631119-e3dd3aef.md: id duplicado: o mesmo id em costa-de-ferro/porto-negro/praca-do-mercado/hulda-estivadora/memories/mem-1785820631119-e3dd3aef.md — quem gravar por último apaga o outro
   - costa-de-ferro/porto-negro/praca-do-mercado/hulda-estivadora/memories/mem-1785820631119-e3dd3aef.md: id duplicado: o mesmo id em costa-de-ferro/porto-negro/cais-velho/hulda-estivadora/memories/mem-1785820631119-e3dd3aef.md — quem gravar por último apaga o outro
   - costa-de-ferro/porto-negro/cais-velho/hulda-estivadora/memories/mem-1785820748601-3cee1112.md: id duplicado: o mesmo id em costa-de-ferro/porto-negro/praca-do-mercado/hulda-estivadora/memories/mem-1785820748601-3cee1112.md — quem gravar por último apaga o outro
   - costa-de-ferro/porto-negro/praca-do-mercado/hulda-estivadora/memories/mem-1785820748601-3cee1112.md: id duplicado: o mesmo id em costa-de-ferro/porto-negro/cais-velho/hulda-estivadora/memories/mem-1785820748601-3cee1112.md — quem gravar por último apaga o outro
   - costa-de-ferro/porto-negro/cais-velho/hulda-estivadora/memories/mem-1785820752301-55ee8735.md: id duplicado: o mesmo id em costa-de-ferro/porto-negro/praca-do-mercado/hulda-estivadora/memories/mem-1785820752301-55ee8735.md — quem gravar por último apaga o outro
   - costa-de-ferro/porto-negro/praca-do-mercado/hulda-estivadora/memories/mem-1785820752301-55ee8735.md: id duplicado: o mesmo id em costa-de-ferro/porto-negro/cais-velho/hulda-estivadora/memories/mem-1785820752301-55ee8735.md — quem gravar por último apaga o outro
   - costa-de-ferro/porto-negro/cais-velho/hulda-estivadora/memories/mem-1785820843889-50be1b00.md: id duplicado: o mesmo id em costa-de-ferro/porto-negro/praca-do-mercado/hulda-estivadora/memories/mem-1785820843889-50be1b00.md — quem gravar por último apaga o outro
   - costa-de-ferro/porto-negro/praca-do-mercado/hulda-estivadora/memories/mem-1785820843889-50be1b00.md: id duplicado: o mesmo id em costa-de-ferro/porto-negro/cais-velho/hulda-estivadora/memories/mem-1785820843889-50be1b00.md — quem gravar por último apaga o outro
   - costa-de-ferro/porto-negro/cais-velho/hulda-estivadora/memories/mem-1785825786145-af6caa4d.md: id duplicado: o mesmo id em costa-de-ferro/porto-negro/praca-do-mercado/hulda-estivadora/memories/mem-1785825786145-af6caa4d.md — quem gravar por último apaga o outro
   - costa-de-ferro/porto-negro/praca-do-mercado/hulda-estivadora/memories/mem-1785825786145-af6caa4d.md: id duplicado: o mesmo id em costa-de-ferro/porto-negro/cais-velho/hulda-estivadora/memories/mem-1785825786145-af6caa4d.md — quem gravar por último apaga o outro
   - costa-de-ferro/porto-negro/cais-velho/hulda-estivadora/memories/mem-1785825916933-a6409414.md: id duplicado: o mesmo id em costa-de-ferro/porto-negro/praca-do-mercado/hulda-estivadora/memories/mem-1785825916933-a6409414.md — quem gravar por último apaga o outro
   - costa-de-ferro/porto-negro/praca-do-mercado/hulda-estivadora/memories/mem-1785825916933-a6409414.md: id duplicado: o mesmo id em costa-de-ferro/porto-negro/cais-velho/hulda-estivadora/memories/mem-1785825916933-a6409414.md — quem gravar por último apaga o outro
   - costa-de-ferro/porto-negro/cais-velho/hulda-estivadora/memories/mem-1785825916977-5b95551f.md: id duplicado: o mesmo id em costa-de-ferro/porto-negro/praca-do-mercado/hulda-estivadora/memories/mem-1785825916977-5b95551f.md — quem gravar por último apaga o outro
   - costa-de-ferro/porto-negro/praca-do-mercado/hulda-estivadora/memories/mem-1785825916977-5b95551f.md: id duplicado: o mesmo id em costa-de-ferro/porto-negro/cais-velho/hulda-estivadora/memories/mem-1785825916977-5b95551f.md — quem gravar por último apaga o outro
   - costa-de-ferro/porto-negro/cais-velho/hulda-estivadora/memories/mem-1785825927332-b789141f.md: id duplicado: o mesmo id em costa-de-ferro/porto-negro/praca-do-mercado/hulda-estivadora/memories/mem-1785825927332-b789141f.md — quem gravar por último apaga o outro
   - costa-de-ferro/porto-negro/praca-do-mercado/hulda-estivadora/memories/mem-1785825927332-b789141f.md: id duplicado: o mesmo id em costa-de-ferro/porto-negro/cais-velho/hulda-estivadora/memories/mem-1785825927332-b789141f.md — quem gravar por último apaga o outro
   - costa-de-ferro/porto-negro/cais-velho/hulda-estivadora/memories/mem-1785826228569-791b16da.md: id duplicado: o mesmo id em costa-de-ferro/porto-negro/praca-do-mercado/hulda-estivadora/memories/mem-1785826228569-791b16da.md — quem gravar por último apaga o outro
   - costa-de-ferro/porto-negro/praca-do-mercado/hulda-estivadora/memories/mem-1785826228569-791b16da.md: id duplicado: o mesmo id em costa-de-ferro/porto-negro/cais-velho/hulda-estivadora/memories/mem-1785826228569-791b16da.md — quem gravar por último apaga o outro
   - costa-de-ferro/porto-negro/cais-velho/hulda-estivadora/memories/mem-1785826475799-9e112d64.md: id duplicado: o mesmo id em costa-de-ferro/porto-negro/praca-do-mercado/hulda-estivadora/memories/mem-1785826475799-9e112d64.md — quem gravar por último apaga o outro
   - costa-de-ferro/porto-negro/praca-do-mercado/hulda-estivadora/memories/mem-1785826475799-9e112d64.md: id duplicado: o mesmo id em costa-de-ferro/porto-negro/cais-velho/hulda-estivadora/memories/mem-1785826475799-9e112d64.md — quem gravar por último apaga o outro
   - costa-de-ferro/porto-negro/cais-velho/hulda-estivadora/memories/mem-1785826475804-0ec85e7c.md: id duplicado: o mesmo id em costa-de-ferro/porto-negro/praca-do-mercado/hulda-estivadora/memories/mem-1785826475804-0ec85e7c.md — quem gravar por último apaga o outro
   - costa-de-ferro/porto-negro/praca-do-mercado/hulda-estivadora/memories/mem-1785826475804-0ec85e7c.md: id duplicado: o mesmo id em costa-de-ferro/porto-negro/cais-velho/hulda-estivadora/memories/mem-1785826475804-0ec85e7c.md — quem gravar por último apaga o outro
   - costa-de-ferro/porto-negro/cais-velho/hulda-estivadora/memories/mem-1785826595936-5da119dc.md: id duplicado: o mesmo id em costa-de-ferro/porto-negro/praca-do-mercado/hulda-estivadora/memories/mem-1785826595936-5da119dc.md — quem gravar por último apaga o outro
   - costa-de-ferro/porto-negro/praca-do-mercado/hulda-estivadora/memories/mem-1785826595936-5da119dc.md: id duplicado: o mesmo id em costa-de-ferro/porto-negro/cais-velho/hulda-estivadora/memories/mem-1785826595936-5da119dc.md — quem gravar por último apaga o outro
   - costa-de-ferro/porto-negro/cais-velho/hulda-estivadora/memories/mem-1785826703967-c2c544e7.md: id duplicado: o mesmo id em costa-de-ferro/porto-negro/praca-do-mercado/hulda-estivadora/memories/mem-1785826703967-c2c544e7.md — quem gravar por último apaga o outro
   - costa-de-ferro/porto-negro/praca-do-mercado/hulda-estivadora/memories/mem-1785826703967-c2c544e7.md: id duplicado: o mesmo id em costa-de-ferro/porto-negro/cais-velho/hulda-estivadora/memories/mem-1785826703967-c2c544e7.md — quem gravar por último apaga o outro
   - costa-de-ferro/porto-negro/cais-velho/hulda-estivadora/memories/mem-1785826817813-69196568.md: id duplicado: o mesmo id em costa-de-ferro/porto-negro/praca-do-mercado/hulda-estivadora/memories/mem-1785826817813-69196568.md — quem gravar por último apaga o outro
   - costa-de-ferro/porto-negro/praca-do-mercado/hulda-estivadora/memories/mem-1785826817813-69196568.md: id duplicado: o mesmo id em costa-de-ferro/porto-negro/cais-velho/hulda-estivadora/memories/mem-1785826817813-69196568.md — quem gravar por último apaga o outro
   - costa-de-ferro/porto-negro/cais-velho/hulda-estivadora/memories/mem-1785827057698-fb8a94c2.md: id duplicado: o mesmo id em costa-de-ferro/porto-negro/praca-do-mercado/hulda-estivadora/memories/mem-1785827057698-fb8a94c2.md — quem gravar por último apaga o outro
   - costa-de-ferro/porto-negro/praca-do-mercado/hulda-estivadora/memories/mem-1785827057698-fb8a94c2.md: id duplicado: o mesmo id em costa-de-ferro/porto-negro/cais-velho/hulda-estivadora/memories/mem-1785827057698-fb8a94c2.md — quem gravar por último apaga o outro
   - costa-de-ferro/porto-negro/cais-velho/hulda-estivadora/memories/mem-1785827163801-8f224bd1.md: id duplicado: o mesmo id em costa-de-ferro/porto-negro/praca-do-mercado/hulda-estivadora/memories/mem-1785827163801-8f224bd1.md — quem gravar por último apaga o outro
   - costa-de-ferro/porto-negro/praca-do-mercado/hulda-estivadora/memories/mem-1785827163801-8f224bd1.md: id duplicado: o mesmo id em costa-de-ferro/porto-negro/cais-velho/hulda-estivadora/memories/mem-1785827163801-8f224bd1.md — quem gravar por último apaga o outro
   - costa-de-ferro/porto-negro/cais-velho/hulda-estivadora/memories/mem-1785827456504-f6113dd2.md: id duplicado: o mesmo id em costa-de-ferro/porto-negro/praca-do-mercado/hulda-estivadora/memories/mem-1785827456504-f6113dd2.md — quem gravar por último apaga o outro
   - costa-de-ferro/porto-negro/praca-do-mercado/hulda-estivadora/memories/mem-1785827456504-f6113dd2.md: id duplicado: o mesmo id em costa-de-ferro/porto-negro/cais-velho/hulda-estivadora/memories/mem-1785827456504-f6113dd2.md — quem gravar por último apaga o outro
   - costa-de-ferro/porto-negro/cais-velho/hulda-estivadora/memories/mem-1785827673293-871a24b9.md: id duplicado: o mesmo id em costa-de-ferro/porto-negro/praca-do-mercado/hulda-estivadora/memories/mem-1785827673293-871a24b9.md — quem gravar por último apaga o outro
   - costa-de-ferro/porto-negro/praca-do-mercado/hulda-estivadora/memories/mem-1785827673293-871a24b9.md: id duplicado: o mesmo id em costa-de-ferro/porto-negro/cais-velho/hulda-estivadora/memories/mem-1785827673293-871a24b9.md — quem gravar por último apaga o outro
   - costa-de-ferro/porto-negro/cais-velho/hulda-estivadora/memories/mem-1785827784297-3f4d4185.md: id duplicado: o mesmo id em costa-de-ferro/porto-negro/praca-do-mercado/hulda-estivadora/memories/mem-1785827784297-3f4d4185.md — quem gravar por último apaga o outro
   - costa-de-ferro/porto-negro/praca-do-mercado/hulda-estivadora/memories/mem-1785827784297-3f4d4185.md: id duplicado: o mesmo id em costa-de-ferro/porto-negro/cais-velho/hulda-estivadora/memories/mem-1785827784297-3f4d4185.md — quem gravar por último apaga o outro
   - costa-de-ferro/porto-negro/cais-velho/hulda-estivadora/memories/mem-1785827918943-ee2822f2.md: id duplicado: o mesmo id em costa-de-ferro/porto-negro/praca-do-mercado/hulda-estivadora/memories/mem-1785827918943-ee2822f2.md — quem gravar por último apaga o outro
   - costa-de-ferro/porto-negro/praca-do-mercado/hulda-estivadora/memories/mem-1785827918943-ee2822f2.md: id duplicado: o mesmo id em costa-de-ferro/porto-negro/cais-velho/hulda-estivadora/memories/mem-1785827918943-ee2822f2.md — quem gravar por último apaga o outro
   - costa-de-ferro/porto-negro/cais-velho/hulda-estivadora/memories/mem-1785827918948-d5871c5e.md: id duplicado: o mesmo id em costa-de-ferro/porto-negro/praca-do-mercado/hulda-estivadora/memories/mem-1785827918948-d5871c5e.md — quem gravar por último apaga o outro
   - costa-de-ferro/porto-negro/praca-do-mercado/hulda-estivadora/memories/mem-1785827918948-d5871c5e.md: id duplicado: o mesmo id em costa-de-ferro/porto-negro/cais-velho/hulda-estivadora/memories/mem-1785827918948-d5871c5e.md — quem gravar por último apaga o outro
   - costa-de-ferro/porto-negro/cais-velho/hulda-estivadora/memories/mem-1785828150752-f48e2600.md: id duplicado: o mesmo id em costa-de-ferro/porto-negro/praca-do-mercado/hulda-estivadora/memories/mem-1785828150752-f48e2600.md — quem gravar por último apaga o outro
   - costa-de-ferro/porto-negro/praca-do-mercado/hulda-estivadora/memories/mem-1785828150752-f48e2600.md: id duplicado: o mesmo id em costa-de-ferro/porto-negro/cais-velho/hulda-estivadora/memories/mem-1785828150752-f48e2600.md — quem gravar por último apaga o outro
   - costa-de-ferro/porto-negro/cais-velho/hulda-estivadora/memories/mem-1785828160991-fee26349.md: id duplicado: o mesmo id em costa-de-ferro/porto-negro/praca-do-mercado/hulda-estivadora/memories/mem-1785828160991-fee26349.md — quem gravar por último apaga o outro
   - costa-de-ferro/porto-negro/praca-do-mercado/hulda-estivadora/memories/mem-1785828160991-fee26349.md: id duplicado: o mesmo id em costa-de-ferro/porto-negro/cais-velho/hulda-estivadora/memories/mem-1785828160991-fee26349.md — quem gravar por último apaga o outro
   - costa-de-ferro/porto-negro/cais-velho/hulda-estivadora/memories/mem-1785828274651-1125e336.md: id duplicado: o mesmo id em costa-de-ferro/porto-negro/praca-do-mercado/hulda-estivadora/memories/mem-1785828274651-1125e336.md — quem gravar por último apaga o outro
   - costa-de-ferro/porto-negro/praca-do-mercado/hulda-estivadora/memories/mem-1785828274651-1125e336.md: id duplicado: o mesmo id em costa-de-ferro/porto-negro/cais-velho/hulda-estivadora/memories/mem-1785828274651-1125e336.md — quem gravar por último apaga o outro
   - costa-de-ferro/porto-negro/cais-velho/hulda-estivadora/memories/mem-1785828381385-fe1ebab4.md: id duplicado: o mesmo id em costa-de-ferro/porto-negro/praca-do-mercado/hulda-estivadora/memories/mem-1785828381385-fe1ebab4.md — quem gravar por último apaga o outro
   - costa-de-ferro/porto-negro/praca-do-mercado/hulda-estivadora/memories/mem-1785828381385-fe1ebab4.md: id duplicado: o mesmo id em costa-de-ferro/porto-negro/cais-velho/hulda-estivadora/memories/mem-1785828381385-fe1ebab4.md — quem gravar por último apaga o outro
   - costa-de-ferro/porto-negro/cais-velho/hulda-estivadora/memories/mem-1785828585120-f6f2910f.md: id duplicado: o mesmo id em costa-de-ferro/porto-negro/praca-do-mercado/hulda-estivadora/memories/mem-1785828585120-f6f2910f.md — quem gravar por último apaga o outro
   - costa-de-ferro/porto-negro/praca-do-mercado/hulda-estivadora/memories/mem-1785828585120-f6f2910f.md: id duplicado: o mesmo id em costa-de-ferro/porto-negro/cais-velho/hulda-estivadora/memories/mem-1785828585120-f6f2910f.md — quem gravar por último apaga o outro
   - costa-de-ferro/porto-negro/cais-velho/hulda-estivadora/memories/mem-1785828683541-d359660a.md: id duplicado: o mesmo id em costa-de-ferro/porto-negro/praca-do-mercado/hulda-estivadora/memories/mem-1785828683541-d359660a.md — quem gravar por último apaga o outro
   - costa-de-ferro/porto-negro/praca-do-mercado/hulda-estivadora/memories/mem-1785828683541-d359660a.md: id duplicado: o mesmo id em costa-de-ferro/porto-negro/cais-velho/hulda-estivadora/memories/mem-1785828683541-d359660a.md — quem gravar por último apaga o outro
   - costa-de-ferro/porto-negro/cais-velho/hulda-estivadora/memories/mem-1785828779956-a9fce0fe.md: id duplicado: o mesmo id em costa-de-ferro/porto-negro/praca-do-mercado/hulda-estivadora/memories/mem-1785828779956-a9fce0fe.md — quem gravar por último apaga o outro
   - costa-de-ferro/porto-negro/praca-do-mercado/hulda-estivadora/memories/mem-1785828779956-a9fce0fe.md: id duplicado: o mesmo id em costa-de-ferro/porto-negro/cais-velho/hulda-estivadora/memories/mem-1785828779956-a9fce0fe.md — quem gravar por último apaga o outro
   - costa-de-ferro/porto-negro/cais-velho/hulda-estivadora/memories/mem-1785828902308-1325b00e.md: id duplicado: o mesmo id em costa-de-ferro/porto-negro/praca-do-mercado/hulda-estivadora/memories/mem-1785828902308-1325b00e.md — quem gravar por último apaga o outro
   - costa-de-ferro/porto-negro/praca-do-mercado/hulda-estivadora/memories/mem-1785828902308-1325b00e.md: id duplicado: o mesmo id em costa-de-ferro/porto-negro/cais-velho/hulda-estivadora/memories/mem-1785828902308-1325b00e.md — quem gravar por último apaga o outro
   - costa-de-ferro/porto-negro/cais-velho/hulda-estivadora/memories/mem-1785829141727-30afdde0.md: id duplicado: o mesmo id em costa-de-ferro/porto-negro/praca-do-mercado/hulda-estivadora/memories/mem-1785829141727-30afdde0.md — quem gravar por último apaga o outro
   - costa-de-ferro/porto-negro/praca-do-mercado/hulda-estivadora/memories/mem-1785829141727-30afdde0.md: id duplicado: o mesmo id em costa-de-ferro/porto-negro/cais-velho/hulda-estivadora/memories/mem-1785829141727-30afdde0.md — quem gravar por último apaga o outro
   - costa-de-ferro/porto-negro/cais-velho/hulda-estivadora/memories/mem-1785829151776-440b6625.md: id duplicado: o mesmo id em costa-de-ferro/porto-negro/praca-do-mercado/hulda-estivadora/memories/mem-1785829151776-440b6625.md — quem gravar por último apaga o outro
   - costa-de-ferro/porto-negro/praca-do-mercado/hulda-estivadora/memories/mem-1785829151776-440b6625.md: id duplicado: o mesmo id em costa-de-ferro/porto-negro/cais-velho/hulda-estivadora/memories/mem-1785829151776-440b6625.md — quem gravar por último apaga o outro
   - costa-de-ferro/porto-negro/cais-velho/hulda-estivadora/memories/mem-1785829263195-27dab945.md: id duplicado: o mesmo id em costa-de-ferro/porto-negro/praca-do-mercado/hulda-estivadora/memories/mem-1785829263195-27dab945.md — quem gravar por último apaga o outro
   - costa-de-ferro/porto-negro/praca-do-mercado/hulda-estivadora/memories/mem-1785829263195-27dab945.md: id duplicado: o mesmo id em costa-de-ferro/porto-negro/cais-velho/hulda-estivadora/memories/mem-1785829263195-27dab945.md — quem gravar por último apaga o outro
   - costa-de-ferro/porto-negro/cais-velho/hulda-estivadora/memories/mem-1785829401652-8d06b954.md: id duplicado: o mesmo id em costa-de-ferro/porto-negro/praca-do-mercado/hulda-estivadora/memories/mem-1785829401652-8d06b954.md — quem gravar por último apaga o outro
   - costa-de-ferro/porto-negro/praca-do-mercado/hulda-estivadora/memories/mem-1785829401652-8d06b954.md: id duplicado: o mesmo id em costa-de-ferro/porto-negro/cais-velho/hulda-estivadora/memories/mem-1785829401652-8d06b954.md — quem gravar por último apaga o outro
   - costa-de-ferro/porto-negro/cais-velho/hulda-estivadora/memories/mem-1785829401706-dd867f96.md: id duplicado: o mesmo id em costa-de-ferro/porto-negro/praca-do-mercado/hulda-estivadora/memories/mem-1785829401706-dd867f96.md — quem gravar por último apaga o outro
   - costa-de-ferro/porto-negro/praca-do-mercado/hulda-estivadora/memories/mem-1785829401706-dd867f96.md: id duplicado: o mesmo id em costa-de-ferro/porto-negro/cais-velho/hulda-estivadora/memories/mem-1785829401706-dd867f96.md — quem gravar por último apaga o outro
   - costa-de-ferro/porto-negro/cais-velho/hulda-estivadora/memories/mem-1785829502385-12797895.md: id duplicado: o mesmo id em costa-de-ferro/porto-negro/praca-do-mercado/hulda-estivadora/memories/mem-1785829502385-12797895.md — quem gravar por último apaga o outro
   - costa-de-ferro/porto-negro/praca-do-mercado/hulda-estivadora/memories/mem-1785829502385-12797895.md: id duplicado: o mesmo id em costa-de-ferro/porto-negro/cais-velho/hulda-estivadora/memories/mem-1785829502385-12797895.md — quem gravar por último apaga o outro
   - costa-de-ferro/porto-negro/cais-velho/hulda-estivadora/memories/mem-1785829707933-100e545f.md: id duplicado: o mesmo id em costa-de-ferro/porto-negro/praca-do-mercado/hulda-estivadora/memories/mem-1785829707933-100e545f.md — quem gravar por último apaga o outro
   - costa-de-ferro/porto-negro/praca-do-mercado/hulda-estivadora/memories/mem-1785829707933-100e545f.md: id duplicado: o mesmo id em costa-de-ferro/porto-negro/cais-velho/hulda-estivadora/memories/mem-1785829707933-100e545f.md — quem gravar por último apaga o outro
   - costa-de-ferro/porto-negro/cais-velho/hulda-estivadora/memories/mem-1785829977314-04f04d19.md: id duplicado: o mesmo id em costa-de-ferro/porto-negro/praca-do-mercado/hulda-estivadora/memories/mem-1785829977314-04f04d19.md — quem gravar por último apaga o outro
   - costa-de-ferro/porto-negro/praca-do-mercado/hulda-estivadora/memories/mem-1785829977314-04f04d19.md: id duplicado: o mesmo id em costa-de-ferro/porto-negro/cais-velho/hulda-estivadora/memories/mem-1785829977314-04f04d19.md — quem gravar por último apaga o outro
   - costa-de-ferro/porto-negro/cais-velho/hulda-estivadora/memories/mem-1785829977369-d7ae3e75.md: id duplicado: o mesmo id em costa-de-ferro/porto-negro/praca-do-mercado/hulda-estivadora/memories/mem-1785829977369-d7ae3e75.md — quem gravar por último apaga o outro
   - costa-de-ferro/porto-negro/praca-do-mercado/hulda-estivadora/memories/mem-1785829977369-d7ae3e75.md: id duplicado: o mesmo id em costa-de-ferro/porto-negro/cais-velho/hulda-estivadora/memories/mem-1785829977369-d7ae3e75.md — quem gravar por último apaga o outro
   - costa-de-ferro/porto-negro/cais-velho/hulda-estivadora/memories/mem-1785829982698-8fa87e86.md: id duplicado: o mesmo id em costa-de-ferro/porto-negro/praca-do-mercado/hulda-estivadora/memories/mem-1785829982698-8fa87e86.md — quem gravar por último apaga o outro
   - costa-de-ferro/porto-negro/praca-do-mercado/hulda-estivadora/memories/mem-1785829982698-8fa87e86.md: id duplicado: o mesmo id em costa-de-ferro/porto-negro/cais-velho/hulda-estivadora/memories/mem-1785829982698-8fa87e86.md — quem gravar por último apaga o outro
   - costa-de-ferro/porto-negro/cais-velho/hulda-estivadora/memories/mem-1785830095353-68b7a1c7.md: id duplicado: o mesmo id em costa-de-ferro/porto-negro/praca-do-mercado/hulda-estivadora/memories/mem-1785830095353-68b7a1c7.md — quem gravar por último apaga o outro
   - costa-de-ferro/porto-negro/praca-do-mercado/hulda-estivadora/memories/mem-1785830095353-68b7a1c7.md: id duplicado: o mesmo id em costa-de-ferro/porto-negro/cais-velho/hulda-estivadora/memories/mem-1785830095353-68b7a1c7.md — quem gravar por último apaga o outro
   - costa-de-ferro/porto-negro/cais-velho/hulda-estivadora/memories/mem-1785830295410-788ac82f.md: id duplicado: o mesmo id em costa-de-ferro/porto-negro/praca-do-mercado/hulda-estivadora/memories/mem-1785830295410-788ac82f.md — quem gravar por último apaga o outro
   - costa-de-ferro/porto-negro/praca-do-mercado/hulda-estivadora/memories/mem-1785830295410-788ac82f.md: id duplicado: o mesmo id em costa-de-ferro/porto-negro/cais-velho/hulda-estivadora/memories/mem-1785830295410-788ac82f.md — quem gravar por último apaga o outro
   - costa-de-ferro/porto-negro/cais-velho/hulda-estivadora/memories/mem-1785830604295-39e96e6f.md: id duplicado: o mesmo id em costa-de-ferro/porto-negro/praca-do-mercado/hulda-estivadora/memories/mem-1785830604295-39e96e6f.md — quem gravar por último apaga o outro
   - costa-de-ferro/porto-negro/praca-do-mercado/hulda-estivadora/memories/mem-1785830604295-39e96e6f.md: id duplicado: o mesmo id em costa-de-ferro/porto-negro/cais-velho/hulda-estivadora/memories/mem-1785830604295-39e96e6f.md — quem gravar por último apaga o outro
   - costa-de-ferro/porto-negro/cais-velho/hulda-estivadora/memories/mem-1785830604337-b74bf7df.md: id duplicado: o mesmo id em costa-de-ferro/porto-negro/praca-do-mercado/hulda-estivadora/memories/mem-1785830604337-b74bf7df.md — quem gravar por último apaga o outro
   - costa-de-ferro/porto-negro/praca-do-mercado/hulda-estivadora/memories/mem-1785830604337-b74bf7df.md: id duplicado: o mesmo id em costa-de-ferro/porto-negro/cais-velho/hulda-estivadora/memories/mem-1785830604337-b74bf7df.md — quem gravar por último apaga o outro
   - costa-de-ferro/porto-negro/cais-velho/hulda-estivadora/memories/mem-1785830821286-557b24ba.md: id duplicado: o mesmo id em costa-de-ferro/porto-negro/praca-do-mercado/hulda-estivadora/memories/mem-1785830821286-557b24ba.md — quem gravar por último apaga o outro
   - costa-de-ferro/porto-negro/praca-do-mercado/hulda-estivadora/memories/mem-1785830821286-557b24ba.md: id duplicado: o mesmo id em costa-de-ferro/porto-negro/cais-velho/hulda-estivadora/memories/mem-1785830821286-557b24ba.md — quem gravar por último apaga o outro
   - costa-de-ferro/porto-negro/cais-velho/hulda-estivadora/memories/mem-1785830920598-acba9b02.md: id duplicado: o mesmo id em costa-de-ferro/porto-negro/praca-do-mercado/hulda-estivadora/memories/mem-1785830920598-acba9b02.md — quem gravar por último apaga o outro
   - costa-de-ferro/porto-negro/praca-do-mercado/hulda-estivadora/memories/mem-1785830920598-acba9b02.md: id duplicado: o mesmo id em costa-de-ferro/porto-negro/cais-velho/hulda-estivadora/memories/mem-1785830920598-acba9b02.md — quem gravar por último apaga o outro
   - costa-de-ferro/porto-negro/cais-velho/hulda-estivadora/memories/mem-1785831372632-f0c74097.md: id duplicado: o mesmo id em costa-de-ferro/porto-negro/praca-do-mercado/hulda-estivadora/memories/mem-1785831372632-f0c74097.md — quem gravar por último apaga o outro
   - costa-de-ferro/porto-negro/praca-do-mercado/hulda-estivadora/memories/mem-1785831372632-f0c74097.md: id duplicado: o mesmo id em costa-de-ferro/porto-negro/cais-velho/hulda-estivadora/memories/mem-1785831372632-f0c74097.md — quem gravar por último apaga o outro
   - costa-de-ferro/porto-negro/cais-velho/hulda-estivadora/memories/mem-1785831372637-399278ce.md: id duplicado: o mesmo id em costa-de-ferro/porto-negro/praca-do-mercado/hulda-estivadora/memories/mem-1785831372637-399278ce.md — quem gravar por último apaga o outro
   - costa-de-ferro/porto-negro/praca-do-mercado/hulda-estivadora/memories/mem-1785831372637-399278ce.md: id duplicado: o mesmo id em costa-de-ferro/porto-negro/cais-velho/hulda-estivadora/memories/mem-1785831372637-399278ce.md — quem gravar por último apaga o outro
   - costa-de-ferro/porto-negro/cais-velho/hulda-estivadora/memories/mem-1785831477041-224cdbde.md: id duplicado: o mesmo id em costa-de-ferro/porto-negro/praca-do-mercado/hulda-estivadora/memories/mem-1785831477041-224cdbde.md — quem gravar por último apaga o outro
   - costa-de-ferro/porto-negro/praca-do-mercado/hulda-estivadora/memories/mem-1785831477041-224cdbde.md: id duplicado: o mesmo id em costa-de-ferro/porto-negro/cais-velho/hulda-estivadora/memories/mem-1785831477041-224cdbde.md — quem gravar por último apaga o outro
   - costa-de-ferro/porto-negro/cais-velho/hulda-estivadora/memories/mem-1785831684719-938f0c92.md: id duplicado: o mesmo id em costa-de-ferro/porto-negro/praca-do-mercado/hulda-estivadora/memories/mem-1785831684719-938f0c92.md — quem gravar por último apaga o outro
   - costa-de-ferro/porto-negro/praca-do-mercado/hulda-estivadora/memories/mem-1785831684719-938f0c92.md: id duplicado: o mesmo id em costa-de-ferro/porto-negro/cais-velho/hulda-estivadora/memories/mem-1785831684719-938f0c92.md — quem gravar por último apaga o outro
   - costa-de-ferro/porto-negro/cais-velho/hulda-estivadora/memories/mem-1785831929383-40bbfc4a.md: id duplicado: o mesmo id em costa-de-ferro/porto-negro/praca-do-mercado/hulda-estivadora/memories/mem-1785831929383-40bbfc4a.md — quem gravar por último apaga o outro
   - costa-de-ferro/porto-negro/praca-do-mercado/hulda-estivadora/memories/mem-1785831929383-40bbfc4a.md: id duplicado: o mesmo id em costa-de-ferro/porto-negro/cais-velho/hulda-estivadora/memories/mem-1785831929383-40bbfc4a.md — quem gravar por último apaga o outro
   - costa-de-ferro/porto-negro/cais-velho/hulda-estivadora/memories/mem-1785831929430-d0097a23.md: id duplicado: o mesmo id em costa-de-ferro/porto-negro/praca-do-mercado/hulda-estivadora/memories/mem-1785831929430-d0097a23.md — quem gravar por último apaga o outro
   - costa-de-ferro/porto-negro/praca-do-mercado/hulda-estivadora/memories/mem-1785831929430-d0097a23.md: id duplicado: o mesmo id em costa-de-ferro/porto-negro/cais-velho/hulda-estivadora/memories/mem-1785831929430-d0097a23.md — quem gravar por último apaga o outro
   - costa-de-ferro/porto-negro/cais-velho/hulda-estivadora/memories/mem-1785832043149-30e55515.md: id duplicado: o mesmo id em costa-de-ferro/porto-negro/praca-do-mercado/hulda-estivadora/memories/mem-1785832043149-30e55515.md — quem gravar por último apaga o outro
   - costa-de-ferro/porto-negro/praca-do-mercado/hulda-estivadora/memories/mem-1785832043149-30e55515.md: id duplicado: o mesmo id em costa-de-ferro/porto-negro/cais-velho/hulda-estivadora/memories/mem-1785832043149-30e55515.md — quem gravar por último apaga o outro
   - costa-de-ferro/porto-negro/cais-velho/hulda-estivadora/memories/mem-1785832378638-3f91b767.md: id duplicado: o mesmo id em costa-de-ferro/porto-negro/praca-do-mercado/hulda-estivadora/memories/mem-1785832378638-3f91b767.md — quem gravar por último apaga o outro
   - costa-de-ferro/porto-negro/praca-do-mercado/hulda-estivadora/memories/mem-1785832378638-3f91b767.md: id duplicado: o mesmo id em costa-de-ferro/porto-negro/cais-velho/hulda-estivadora/memories/mem-1785832378638-3f91b767.md — quem gravar por último apaga o outro
   - costa-de-ferro/porto-negro/cais-velho/hulda-estivadora/memories/mem-1785832378701-cb163afb.md: id duplicado: o mesmo id em costa-de-ferro/porto-negro/praca-do-mercado/hulda-estivadora/memories/mem-1785832378701-cb163afb.md — quem gravar por último apaga o outro
   - costa-de-ferro/porto-negro/praca-do-mercado/hulda-estivadora/memories/mem-1785832378701-cb163afb.md: id duplicado: o mesmo id em costa-de-ferro/porto-negro/cais-velho/hulda-estivadora/memories/mem-1785832378701-cb163afb.md — quem gravar por último apaga o outro
   - costa-de-ferro/porto-negro/cais-velho/hulda-estivadora/memories/mem-1785832391946-d0ac46bd.md: id duplicado: o mesmo id em costa-de-ferro/porto-negro/praca-do-mercado/hulda-estivadora/memories/mem-1785832391946-d0ac46bd.md — quem gravar por último apaga o outro
   - costa-de-ferro/porto-negro/praca-do-mercado/hulda-estivadora/memories/mem-1785832391946-d0ac46bd.md: id duplicado: o mesmo id em costa-de-ferro/porto-negro/cais-velho/hulda-estivadora/memories/mem-1785832391946-d0ac46bd.md — quem gravar por último apaga o outro
   - costa-de-ferro/porto-negro/cais-velho/hulda-estivadora/memories/mem-1785832759462-060efb25.md: id duplicado: o mesmo id em costa-de-ferro/porto-negro/praca-do-mercado/hulda-estivadora/memories/mem-1785832759462-060efb25.md — quem gravar por último apaga o outro
   - costa-de-ferro/porto-negro/praca-do-mercado/hulda-estivadora/memories/mem-1785832759462-060efb25.md: id duplicado: o mesmo id em costa-de-ferro/porto-negro/cais-velho/hulda-estivadora/memories/mem-1785832759462-060efb25.md — quem gravar por último apaga o outro
   - costa-de-ferro/porto-negro/cais-velho/hulda-estivadora/memories/mem-1785837769081-ba1eb7f0.md: id duplicado: o mesmo id em costa-de-ferro/porto-negro/praca-do-mercado/hulda-estivadora/memories/mem-1785837769081-ba1eb7f0.md — quem gravar por último apaga o outro
   - costa-de-ferro/porto-negro/praca-do-mercado/hulda-estivadora/memories/mem-1785837769081-ba1eb7f0.md: id duplicado: o mesmo id em costa-de-ferro/porto-negro/cais-velho/hulda-estivadora/memories/mem-1785837769081-ba1eb7f0.md — quem gravar por último apaga o outro
   - costa-de-ferro/porto-negro/cais-velho/hulda-estivadora/memories/mem-1785837980873-f616f72d.md: id duplicado: o mesmo id em costa-de-ferro/porto-negro/praca-do-mercado/hulda-estivadora/memories/mem-1785837980873-f616f72d.md — quem gravar por último apaga o outro
   - costa-de-ferro/porto-negro/praca-do-mercado/hulda-estivadora/memories/mem-1785837980873-f616f72d.md: id duplicado: o mesmo id em costa-de-ferro/porto-negro/cais-velho/hulda-estivadora/memories/mem-1785837980873-f616f72d.md — quem gravar por último apaga o outro
   - costa-de-ferro/porto-negro/cais-velho/hulda-estivadora/memories/mem-1785838107904-a6b66634.md: id duplicado: o mesmo id em costa-de-ferro/porto-negro/praca-do-mercado/hulda-estivadora/memories/mem-1785838107904-a6b66634.md — quem gravar por último apaga o outro
   - costa-de-ferro/porto-negro/praca-do-mercado/hulda-estivadora/memories/mem-1785838107904-a6b66634.md: id duplicado: o mesmo id em costa-de-ferro/porto-negro/cais-velho/hulda-estivadora/memories/mem-1785838107904-a6b66634.md — quem gravar por último apaga o outro
   - costa-de-ferro/porto-negro/cais-velho/hulda-estivadora/memories/mem-1785838215373-dc432383.md: id duplicado: o mesmo id em costa-de-ferro/porto-negro/praca-do-mercado/hulda-estivadora/memories/mem-1785838215373-dc432383.md — quem gravar por último apaga o outro
   - costa-de-ferro/porto-negro/praca-do-mercado/hulda-estivadora/memories/mem-1785838215373-dc432383.md: id duplicado: o mesmo id em costa-de-ferro/porto-negro/cais-velho/hulda-estivadora/memories/mem-1785838215373-dc432383.md — quem gravar por último apaga o outro
   - costa-de-ferro/porto-negro/cais-velho/hulda-estivadora/memories/mem-1785838419766-87f2d682.md: id duplicado: o mesmo id em costa-de-ferro/porto-negro/praca-do-mercado/hulda-estivadora/memories/mem-1785838419766-87f2d682.md — quem gravar por último apaga o outro
   - costa-de-ferro/porto-negro/praca-do-mercado/hulda-estivadora/memories/mem-1785838419766-87f2d682.md: id duplicado: o mesmo id em costa-de-ferro/porto-negro/cais-velho/hulda-estivadora/memories/mem-1785838419766-87f2d682.md — quem gravar por último apaga o outro
   - costa-de-ferro/porto-negro/cais-velho/hulda-estivadora/memories/mem-1785838536122-247baf22.md: id duplicado: o mesmo id em costa-de-ferro/porto-negro/praca-do-mercado/hulda-estivadora/memories/mem-1785838536122-247baf22.md — quem gravar por último apaga o outro
   - costa-de-ferro/porto-negro/praca-do-mercado/hulda-estivadora/memories/mem-1785838536122-247baf22.md: id duplicado: o mesmo id em costa-de-ferro/porto-negro/cais-velho/hulda-estivadora/memories/mem-1785838536122-247baf22.md — quem gravar por último apaga o outro
   - costa-de-ferro/porto-negro/cais-velho/hulda-estivadora/memories/mem-1785838745309-4630c3f8.md: id duplicado: o mesmo id em costa-de-ferro/porto-negro/praca-do-mercado/hulda-estivadora/memories/mem-1785838745309-4630c3f8.md — quem gravar por último apaga o outro
   - costa-de-ferro/porto-negro/praca-do-mercado/hulda-estivadora/memories/mem-1785838745309-4630c3f8.md: id duplicado: o mesmo id em costa-de-ferro/porto-negro/cais-velho/hulda-estivadora/memories/mem-1785838745309-4630c3f8.md — quem gravar por último apaga o outro
   - costa-de-ferro/porto-negro/cais-velho/hulda-estivadora/memories/mem-1785839051047-ea6e7662.md: id duplicado: o mesmo id em costa-de-ferro/porto-negro/praca-do-mercado/hulda-estivadora/memories/mem-1785839051047-ea6e7662.md — quem gravar por último apaga o outro
   - costa-de-ferro/porto-negro/praca-do-mercado/hulda-estivadora/memories/mem-1785839051047-ea6e7662.md: id duplicado: o mesmo id em costa-de-ferro/porto-negro/cais-velho/hulda-estivadora/memories/mem-1785839051047-ea6e7662.md — quem gravar por último apaga o outro
   - costa-de-ferro/porto-negro/cais-velho/hulda-estivadora/memories/mem-1785839256331-2e66f00e.md: id duplicado: o mesmo id em costa-de-ferro/porto-negro/praca-do-mercado/hulda-estivadora/memories/mem-1785839256331-2e66f00e.md — quem gravar por último apaga o outro
   - costa-de-ferro/porto-negro/praca-do-mercado/hulda-estivadora/memories/mem-1785839256331-2e66f00e.md: id duplicado: o mesmo id em costa-de-ferro/porto-negro/cais-velho/hulda-estivadora/memories/mem-1785839256331-2e66f00e.md — quem gravar por último apaga o outro
   - costa-de-ferro/porto-negro/cais-velho/hulda-estivadora/memories/mem-1785839352248-d2bc0284.md: id duplicado: o mesmo id em costa-de-ferro/porto-negro/praca-do-mercado/hulda-estivadora/memories/mem-1785839352248-d2bc0284.md — quem gravar por último apaga o outro
   - costa-de-ferro/porto-negro/praca-do-mercado/hulda-estivadora/memories/mem-1785839352248-d2bc0284.md: id duplicado: o mesmo id em costa-de-ferro/porto-negro/cais-velho/hulda-estivadora/memories/mem-1785839352248-d2bc0284.md — quem gravar por último apaga o outro
   - costa-de-ferro/porto-negro/praca-do-mercado/doncel-bebado/memories/mem-1785847702448-8a3e7d88.md: id duplicado: o mesmo id em costa-de-ferro/porto-negro/taverna-do-gancho/doncel-bebado/memories/mem-1785847702448-8a3e7d88.md — quem gravar por último apaga o outro
   - costa-de-ferro/porto-negro/taverna-do-gancho/doncel-bebado/memories/mem-1785847702448-8a3e7d88.md: id duplicado: o mesmo id em costa-de-ferro/porto-negro/praca-do-mercado/doncel-bebado/memories/mem-1785847702448-8a3e7d88.md — quem gravar por último apaga o outro
   - costa-de-ferro/porto-negro/praca-do-mercado/sarga-contrabandista/memories/mem-1785853658682-ae55491c.md: id duplicado: o mesmo id em costa-de-ferro/porto-negro/sarga-contrabandista/memories/mem-1785853658682-ae55491c.md — quem gravar por último apaga o outro
   - costa-de-ferro/porto-negro/sarga-contrabandista/memories/mem-1785853658682-ae55491c.md: id duplicado: o mesmo id em costa-de-ferro/porto-negro/praca-do-mercado/sarga-contrabandista/memories/mem-1785853658682-ae55491c.md — quem gravar por último apaga o outro
   - costa-de-ferro/porto-negro/boticario-da-raiz-torta/fenn-dedos-leves/memories/mem-1785853658690-7ec90266.md: id duplicado: o mesmo id em costa-de-ferro/porto-negro/praca-do-mercado/fenn-dedos-leves/memories/mem-1785853658690-7ec90266.md — quem gravar por último apaga o outro
   - costa-de-ferro/porto-negro/praca-do-mercado/fenn-dedos-leves/memories/mem-1785853658690-7ec90266.md: id duplicado: o mesmo id em costa-de-ferro/porto-negro/boticario-da-raiz-torta/fenn-dedos-leves/memories/mem-1785853658690-7ec90266.md — quem gravar por último apaga o outro
   - costa-de-ferro/porto-negro/boticario-da-raiz-torta/fenn-dedos-leves/memories/mem-1785853658699-1d680e1b.md: id duplicado: o mesmo id em costa-de-ferro/porto-negro/praca-do-mercado/fenn-dedos-leves/memories/mem-1785853658699-1d680e1b.md — quem gravar por último apaga o outro
   - costa-de-ferro/porto-negro/praca-do-mercado/fenn-dedos-leves/memories/mem-1785853658699-1d680e1b.md: id duplicado: o mesmo id em costa-de-ferro/porto-negro/boticario-da-raiz-torta/fenn-dedos-leves/memories/mem-1785853658699-1d680e1b.md — quem gravar por último apaga o outro
   - costa-de-ferro/porto-negro/boticario-da-raiz-torta/fenn-dedos-leves/memories/mem-1785853675958-42983065.md: id duplicado: o mesmo id em costa-de-ferro/porto-negro/praca-do-mercado/fenn-dedos-leves/memories/mem-1785853675958-42983065.md — quem gravar por último apaga o outro
   - costa-de-ferro/porto-negro/praca-do-mercado/fenn-dedos-leves/memories/mem-1785853675958-42983065.md: id duplicado: o mesmo id em costa-de-ferro/porto-negro/boticario-da-raiz-torta/fenn-dedos-leves/memories/mem-1785853675958-42983065.md — quem gravar por último apaga o outro
   - costa-de-ferro/porto-negro/praca-do-mercado/sarga-contrabandista/memories/mem-1785853675964-6631d20e.md: id duplicado: o mesmo id em costa-de-ferro/porto-negro/sarga-contrabandista/memories/mem-1785853675964-6631d20e.md — quem gravar por último apaga o outro
   - costa-de-ferro/porto-negro/sarga-contrabandista/memories/mem-1785853675964-6631d20e.md: id duplicado: o mesmo id em costa-de-ferro/porto-negro/praca-do-mercado/sarga-contrabandista/memories/mem-1785853675964-6631d20e.md — quem gravar por último apaga o outro
   - costa-de-ferro/porto-negro/cais-velho/hulda-estivadora/memories/mem-1785853732146-557e9fcb.md: id duplicado: o mesmo id em costa-de-ferro/porto-negro/praca-do-mercado/hulda-estivadora/memories/mem-1785853732146-557e9fcb.md — quem gravar por último apaga o outro
   - costa-de-ferro/porto-negro/praca-do-mercado/hulda-estivadora/memories/mem-1785853732146-557e9fcb.md: id duplicado: o mesmo id em costa-de-ferro/porto-negro/cais-velho/hulda-estivadora/memories/mem-1785853732146-557e9fcb.md — quem gravar por último apaga o outro
   - costa-de-ferro/porto-negro/boticario-da-raiz-torta/fenn-dedos-leves/memories/mem-1785853738053-5496f7de.md: id duplicado: o mesmo id em costa-de-ferro/porto-negro/praca-do-mercado/fenn-dedos-leves/memories/mem-1785853738053-5496f7de.md — quem gravar por último apaga o outro
   - costa-de-ferro/porto-negro/praca-do-mercado/fenn-dedos-leves/memories/mem-1785853738053-5496f7de.md: id duplicado: o mesmo id em costa-de-ferro/porto-negro/boticario-da-raiz-torta/fenn-dedos-leves/memories/mem-1785853738053-5496f7de.md — quem gravar por último apaga o outro
   - costa-de-ferro/porto-negro/boticario-da-raiz-torta/fenn-dedos-leves/memories/mem-1785937854340-0984943e.md: id duplicado: o mesmo id em costa-de-ferro/porto-negro/praca-do-mercado/fenn-dedos-leves/memories/mem-1785937854340-0984943e.md — quem gravar por último apaga o outro
   - costa-de-ferro/porto-negro/praca-do-mercado/fenn-dedos-leves/memories/mem-1785937854340-0984943e.md: id duplicado: o mesmo id em costa-de-ferro/porto-negro/boticario-da-raiz-torta/fenn-dedos-leves/memories/mem-1785937854340-0984943e.md — quem gravar por último apaga o outro
   - costa-de-ferro/porto-negro/boticario-da-raiz-torta/fenn-dedos-leves/memories/mem-1785938002683-dc03a504.md: id duplicado: o mesmo id em costa-de-ferro/porto-negro/praca-do-mercado/fenn-dedos-leves/memories/mem-1785938002683-dc03a504.md — quem gravar por último apaga o outro
   - costa-de-ferro/porto-negro/praca-do-mercado/fenn-dedos-leves/memories/mem-1785938002683-dc03a504.md: id duplicado: o mesmo id em costa-de-ferro/porto-negro/boticario-da-raiz-torta/fenn-dedos-leves/memories/mem-1785938002683-dc03a504.md — quem gravar por último apaga o outro
   - costa-de-ferro/porto-negro/cais-velho/hulda-estivadora/memories/mem-1785938302290-01c263be.md: id duplicado: o mesmo id em costa-de-ferro/porto-negro/praca-do-mercado/hulda-estivadora/memories/mem-1785938302290-01c263be.md — quem gravar por último apaga o outro
   - costa-de-ferro/porto-negro/praca-do-mercado/hulda-estivadora/memories/mem-1785938302290-01c263be.md: id duplicado: o mesmo id em costa-de-ferro/porto-negro/cais-velho/hulda-estivadora/memories/mem-1785938302290-01c263be.md — quem gravar por último apaga o outro
   - costa-de-ferro/porto-negro/boticario-da-raiz-torta/fenn-dedos-leves/memories/mem-1785938393054-9d2a3bf9.md: id duplicado: o mesmo id em costa-de-ferro/porto-negro/praca-do-mercado/fenn-dedos-leves/memories/mem-1785938393054-9d2a3bf9.md — quem gravar por último apaga o outro
   - costa-de-ferro/porto-negro/praca-do-mercado/fenn-dedos-leves/memories/mem-1785938393054-9d2a3bf9.md: id duplicado: o mesmo id em costa-de-ferro/porto-negro/boticario-da-raiz-torta/fenn-dedos-leves/memories/mem-1785938393054-9d2a3bf9.md — quem gravar por último apaga o outro
   - costa-de-ferro/porto-negro/cais-velho/hulda-estivadora/memories/mem-1785938393078-04e45b0c.md: id duplicado: o mesmo id em costa-de-ferro/porto-negro/praca-do-mercado/hulda-estivadora/memories/mem-1785938393078-04e45b0c.md — quem gravar por último apaga o outro
   - costa-de-ferro/porto-negro/praca-do-mercado/hulda-estivadora/memories/mem-1785938393078-04e45b0c.md: id duplicado: o mesmo id em costa-de-ferro/porto-negro/cais-velho/hulda-estivadora/memories/mem-1785938393078-04e45b0c.md — quem gravar por último apaga o outro
   - costa-de-ferro/porto-negro/praca-do-mercado/sarga-contrabandista/memories/mem-1785938393080-c163fac9.md: id duplicado: o mesmo id em costa-de-ferro/porto-negro/sarga-contrabandista/memories/mem-1785938393080-c163fac9.md — quem gravar por último apaga o outro
   - costa-de-ferro/porto-negro/sarga-contrabandista/memories/mem-1785938393080-c163fac9.md: id duplicado: o mesmo id em costa-de-ferro/porto-negro/praca-do-mercado/sarga-contrabandista/memories/mem-1785938393080-c163fac9.md — quem gravar por último apaga o outro
   - costa-de-ferro/porto-negro/praca-do-mercado/doncel-bebado/memories/mem-1785938393090-c2aee5e9.md: id duplicado: o mesmo id em costa-de-ferro/porto-negro/taverna-do-gancho/doncel-bebado/memories/mem-1785938393090-c2aee5e9.md — quem gravar por último apaga o outro
   - costa-de-ferro/porto-negro/taverna-do-gancho/doncel-bebado/memories/mem-1785938393090-c2aee5e9.md: id duplicado: o mesmo id em costa-de-ferro/porto-negro/praca-do-mercado/doncel-bebado/memories/mem-1785938393090-c2aee5e9.md — quem gravar por último apaga o outro
   - costa-de-ferro/porto-negro/boticario-da-raiz-torta/fenn-dedos-leves/memories/mem-1785938393113-e40563dd.md: id duplicado: o mesmo id em costa-de-ferro/porto-negro/praca-do-mercado/fenn-dedos-leves/memories/mem-1785938393113-e40563dd.md — quem gravar por último apaga o outro
   - costa-de-ferro/porto-negro/praca-do-mercado/fenn-dedos-leves/memories/mem-1785938393113-e40563dd.md: id duplicado: o mesmo id em costa-de-ferro/porto-negro/boticario-da-raiz-torta/fenn-dedos-leves/memories/mem-1785938393113-e40563dd.md — quem gravar por último apaga o outro
   - costa-de-ferro/porto-negro/cais-velho/hulda-estivadora/memories/mem-1785938393120-e67f0c42.md: id duplicado: o mesmo id em costa-de-ferro/porto-negro/praca-do-mercado/hulda-estivadora/memories/mem-1785938393120-e67f0c42.md — quem gravar por último apaga o outro
   - costa-de-ferro/porto-negro/praca-do-mercado/hulda-estivadora/memories/mem-1785938393120-e67f0c42.md: id duplicado: o mesmo id em costa-de-ferro/porto-negro/cais-velho/hulda-estivadora/memories/mem-1785938393120-e67f0c42.md — quem gravar por último apaga o outro
   - costa-de-ferro/porto-negro/praca-do-mercado/sarga-contrabandista/memories/mem-1785938393125-a3a8c077.md: id duplicado: o mesmo id em costa-de-ferro/porto-negro/sarga-contrabandista/memories/mem-1785938393125-a3a8c077.md — quem gravar por último apaga o outro
   - costa-de-ferro/porto-negro/sarga-contrabandista/memories/mem-1785938393125-a3a8c077.md: id duplicado: o mesmo id em costa-de-ferro/porto-negro/praca-do-mercado/sarga-contrabandista/memories/mem-1785938393125-a3a8c077.md — quem gravar por último apaga o outro
   - costa-de-ferro/porto-negro/praca-do-mercado/coppo-rato-de-cais/memories/mem-1785938393133-2c1ebf8b.md: id duplicado: o mesmo id em costa-de-ferro/porto-negro/taverna-do-gancho/coppo-rato-de-cais/memories/mem-1785938393133-2c1ebf8b.md — quem gravar por último apaga o outro
   - costa-de-ferro/porto-negro/taverna-do-gancho/coppo-rato-de-cais/memories/mem-1785938393133-2c1ebf8b.md: id duplicado: o mesmo id em costa-de-ferro/porto-negro/praca-do-mercado/coppo-rato-de-cais/memories/mem-1785938393133-2c1ebf8b.md — quem gravar por último apaga o outro
   - costa-de-ferro/porto-negro/praca-do-mercado/doncel-bebado/memories/mem-1785938393136-e9b5bff1.md: id duplicado: o mesmo id em costa-de-ferro/porto-negro/taverna-do-gancho/doncel-bebado/memories/mem-1785938393136-e9b5bff1.md — quem gravar por último apaga o outro
   - costa-de-ferro/porto-negro/taverna-do-gancho/doncel-bebado/memories/mem-1785938393136-e9b5bff1.md: id duplicado: o mesmo id em costa-de-ferro/porto-negro/praca-do-mercado/doncel-bebado/memories/mem-1785938393136-e9b5bff1.md — quem gravar por último apaga o outro
   - costa-de-ferro/porto-negro/bramm-estivador-mor/memories/mem-1785938393138-822b3aad.md: id duplicado: o mesmo id em costa-de-ferro/porto-negro/praca-do-mercado/bramm-estivador-mor/memories/mem-1785938393138-822b3aad.md — quem gravar por último apaga o outro
   - costa-de-ferro/porto-negro/praca-do-mercado/bramm-estivador-mor/memories/mem-1785938393138-822b3aad.md: id duplicado: o mesmo id em costa-de-ferro/porto-negro/bramm-estivador-mor/memories/mem-1785938393138-822b3aad.md — quem gravar por último apaga o outro
   - costa-de-ferro/porto-negro/boticario-da-raiz-torta/fenn-dedos-leves/memories/mem-1785947149315-40d42e14.md: id duplicado: o mesmo id em costa-de-ferro/porto-negro/praca-do-mercado/fenn-dedos-leves/memories/mem-1785947149315-40d42e14.md — quem gravar por último apaga o outro
   - costa-de-ferro/porto-negro/praca-do-mercado/fenn-dedos-leves/memories/mem-1785947149315-40d42e14.md: id duplicado: o mesmo id em costa-de-ferro/porto-negro/boticario-da-raiz-torta/fenn-dedos-leves/memories/mem-1785947149315-40d42e14.md — quem gravar por último apaga o outro
   - costa-de-ferro/porto-negro/praca-do-mercado/sarga-contrabandista/memories/mem-1785961254713-cfdf151a.md: id duplicado: o mesmo id em costa-de-ferro/porto-negro/sarga-contrabandista/memories/mem-1785961254713-cfdf151a.md — quem gravar por último apaga o outro
   - costa-de-ferro/porto-negro/sarga-contrabandista/memories/mem-1785961254713-cfdf151a.md: id duplicado: o mesmo id em costa-de-ferro/porto-negro/praca-do-mercado/sarga-contrabandista/memories/mem-1785961254713-cfdf151a.md — quem gravar por último apaga o outro
   - costa-de-ferro/porto-negro/praca-do-mercado/doncel-bebado/memories/mem-1785971983815-3cfe6408.md: id duplicado: o mesmo id em costa-de-ferro/porto-negro/taverna-do-gancho/doncel-bebado/memories/mem-1785971983815-3cfe6408.md — quem gravar por último apaga o outro
   - costa-de-ferro/porto-negro/taverna-do-gancho/doncel-bebado/memories/mem-1785971983815-3cfe6408.md: id duplicado: o mesmo id em costa-de-ferro/porto-negro/praca-do-mercado/doncel-bebado/memories/mem-1785971983815-3cfe6408.md — quem gravar por último apaga o outro
   - costa-de-ferro/porto-negro/praca-do-mercado/doncel-bebado/memories/mem-1785972006173-35de4a6c.md: id duplicado: o mesmo id em costa-de-ferro/porto-negro/taverna-do-gancho/doncel-bebado/memories/mem-1785972006173-35de4a6c.md — quem gravar por último apaga o outro
   - costa-de-ferro/porto-negro/taverna-do-gancho/doncel-bebado/memories/mem-1785972006173-35de4a6c.md: id duplicado: o mesmo id em costa-de-ferro/porto-negro/praca-do-mercado/doncel-bebado/memories/mem-1785972006173-35de4a6c.md — quem gravar por último apaga o outro
   - costa-de-ferro/porto-negro/cais-velho/hulda-estivadora/memories/mem-1785992507706-dfae77d0.md: id duplicado: o mesmo id em costa-de-ferro/porto-negro/praca-do-mercado/hulda-estivadora/memories/mem-1785992507706-dfae77d0.md — quem gravar por último apaga o outro
   - costa-de-ferro/porto-negro/praca-do-mercado/hulda-estivadora/memories/mem-1785992507706-dfae77d0.md: id duplicado: o mesmo id em costa-de-ferro/porto-negro/cais-velho/hulda-estivadora/memories/mem-1785992507706-dfae77d0.md — quem gravar por último apaga o outro
   - costa-de-ferro/porto-negro/cais-velho/hulda-estivadora/memories/mem-1785994977494-49eeca72.md: id duplicado: o mesmo id em costa-de-ferro/porto-negro/praca-do-mercado/hulda-estivadora/memories/mem-1785994977494-49eeca72.md — quem gravar por último apaga o outro
   - costa-de-ferro/porto-negro/praca-do-mercado/hulda-estivadora/memories/mem-1785994977494-49eeca72.md: id duplicado: o mesmo id em costa-de-ferro/porto-negro/cais-velho/hulda-estivadora/memories/mem-1785994977494-49eeca72.md — quem gravar por último apaga o outro
   - costa-de-ferro/porto-negro/praca-do-mercado/sarga-contrabandista/memories/mem-1785994977502-31195cf4.md: id duplicado: o mesmo id em costa-de-ferro/porto-negro/sarga-contrabandista/memories/mem-1785994977502-31195cf4.md — quem gravar por último apaga o outro
   - costa-de-ferro/porto-negro/sarga-contrabandista/memories/mem-1785994977502-31195cf4.md: id duplicado: o mesmo id em costa-de-ferro/porto-negro/praca-do-mercado/sarga-contrabandista/memories/mem-1785994977502-31195cf4.md — quem gravar por último apaga o outro
   - costa-de-ferro/porto-negro/cais-velho/hulda-estivadora/memories/mem-1785994977568-b32acc31.md: id duplicado: o mesmo id em costa-de-ferro/porto-negro/praca-do-mercado/hulda-estivadora/memories/mem-1785994977568-b32acc31.md — quem gravar por último apaga o outro
   - costa-de-ferro/porto-negro/praca-do-mercado/hulda-estivadora/memories/mem-1785994977568-b32acc31.md: id duplicado: o mesmo id em costa-de-ferro/porto-negro/cais-velho/hulda-estivadora/memories/mem-1785994977568-b32acc31.md — quem gravar por último apaga o outro
   - costa-de-ferro/porto-negro/cais-velho/hulda-estivadora/memories/mem-1785995189964-ddb0838d.md: id duplicado: o mesmo id em costa-de-ferro/porto-negro/praca-do-mercado/hulda-estivadora/memories/mem-1785995189964-ddb0838d.md — quem gravar por último apaga o outro
   - costa-de-ferro/porto-negro/praca-do-mercado/hulda-estivadora/memories/mem-1785995189964-ddb0838d.md: id duplicado: o mesmo id em costa-de-ferro/porto-negro/cais-velho/hulda-estivadora/memories/mem-1785995189964-ddb0838d.md — quem gravar por último apaga o outro
   - costa-de-ferro/porto-negro/praca-do-mercado/coppo-rato-de-cais/memories/mem-1785995624372-acd38281.md: id duplicado: o mesmo id em costa-de-ferro/porto-negro/taverna-do-gancho/coppo-rato-de-cais/memories/mem-1785995624372-acd38281.md — quem gravar por último apaga o outro
   - costa-de-ferro/porto-negro/taverna-do-gancho/coppo-rato-de-cais/memories/mem-1785995624372-acd38281.md: id duplicado: o mesmo id em costa-de-ferro/porto-negro/praca-do-mercado/coppo-rato-de-cais/memories/mem-1785995624372-acd38281.md — quem gravar por último apaga o outro
   - costa-de-ferro/porto-negro/praca-do-mercado/doncel-bebado/memories/mem-1785995624375-07f4ae1a.md: id duplicado: o mesmo id em costa-de-ferro/porto-negro/taverna-do-gancho/doncel-bebado/memories/mem-1785995624375-07f4ae1a.md — quem gravar por último apaga o outro
   - costa-de-ferro/porto-negro/taverna-do-gancho/doncel-bebado/memories/mem-1785995624375-07f4ae1a.md: id duplicado: o mesmo id em costa-de-ferro/porto-negro/praca-do-mercado/doncel-bebado/memories/mem-1785995624375-07f4ae1a.md — quem gravar por último apaga o outro
   - costa-de-ferro/porto-negro/bramm-estivador-mor/memories/mem-1785995624378-9164b58e.md: id duplicado: o mesmo id em costa-de-ferro/porto-negro/praca-do-mercado/bramm-estivador-mor/memories/mem-1785995624378-9164b58e.md — quem gravar por último apaga o outro
   - costa-de-ferro/porto-negro/praca-do-mercado/bramm-estivador-mor/memories/mem-1785995624378-9164b58e.md: id duplicado: o mesmo id em costa-de-ferro/porto-negro/bramm-estivador-mor/memories/mem-1785995624378-9164b58e.md — quem gravar por último apaga o outro
   - costa-de-ferro/porto-negro/cais-velho/hulda-estivadora/memories/mem-1785995634566-b2c15b84.md: id duplicado: o mesmo id em costa-de-ferro/porto-negro/praca-do-mercado/hulda-estivadora/memories/mem-1785995634566-b2c15b84.md — quem gravar por último apaga o outro
   - costa-de-ferro/porto-negro/praca-do-mercado/hulda-estivadora/memories/mem-1785995634566-b2c15b84.md: id duplicado: o mesmo id em costa-de-ferro/porto-negro/cais-velho/hulda-estivadora/memories/mem-1785995634566-b2c15b84.md — quem gravar por último apaga o outro
   - costa-de-ferro/porto-negro/cais-velho/hulda-estivadora/memories/mem-1785995738401-1cbebb84.md: id duplicado: o mesmo id em costa-de-ferro/porto-negro/praca-do-mercado/hulda-estivadora/memories/mem-1785995738401-1cbebb84.md — quem gravar por último apaga o outro
   - costa-de-ferro/porto-negro/praca-do-mercado/hulda-estivadora/memories/mem-1785995738401-1cbebb84.md: id duplicado: o mesmo id em costa-de-ferro/porto-negro/cais-velho/hulda-estivadora/memories/mem-1785995738401-1cbebb84.md — quem gravar por último apaga o outro
   - costa-de-ferro/porto-negro/cais-velho/hulda-estivadora/memories/mem-1785995842733-c94becdd.md: id duplicado: o mesmo id em costa-de-ferro/porto-negro/praca-do-mercado/hulda-estivadora/memories/mem-1785995842733-c94becdd.md — quem gravar por último apaga o outro
   - costa-de-ferro/porto-negro/praca-do-mercado/hulda-estivadora/memories/mem-1785995842733-c94becdd.md: id duplicado: o mesmo id em costa-de-ferro/porto-negro/cais-velho/hulda-estivadora/memories/mem-1785995842733-c94becdd.md — quem gravar por último apaga o outro
   - costa-de-ferro/porto-negro/cais-velho/hulda-estivadora/memories/mem-1785995842786-ae7e7ccc.md: id duplicado: o mesmo id em costa-de-ferro/porto-negro/praca-do-mercado/hulda-estivadora/memories/mem-1785995842786-ae7e7ccc.md — quem gravar por último apaga o outro
   - costa-de-ferro/porto-negro/praca-do-mercado/hulda-estivadora/memories/mem-1785995842786-ae7e7ccc.md: id duplicado: o mesmo id em costa-de-ferro/porto-negro/cais-velho/hulda-estivadora/memories/mem-1785995842786-ae7e7ccc.md — quem gravar por último apaga o outro
   - costa-de-ferro/porto-negro/cais-velho/hulda-estivadora/memories/mem-1785995960685-30b3d1ce.md: id duplicado: o mesmo id em costa-de-ferro/porto-negro/praca-do-mercado/hulda-estivadora/memories/mem-1785995960685-30b3d1ce.md — quem gravar por último apaga o outro
   - costa-de-ferro/porto-negro/praca-do-mercado/hulda-estivadora/memories/mem-1785995960685-30b3d1ce.md: id duplicado: o mesmo id em costa-de-ferro/porto-negro/cais-velho/hulda-estivadora/memories/mem-1785995960685-30b3d1ce.md — quem gravar por último apaga o outro
   - costa-de-ferro/porto-negro/praca-do-mercado/sarga-contrabandista/memories/mem-1785996029255-c87e9101.md: id duplicado: o mesmo id em costa-de-ferro/porto-negro/sarga-contrabandista/memories/mem-1785996029255-c87e9101.md — quem gravar por último apaga o outro
   - costa-de-ferro/porto-negro/sarga-contrabandista/memories/mem-1785996029255-c87e9101.md: id duplicado: o mesmo id em costa-de-ferro/porto-negro/praca-do-mercado/sarga-contrabandista/memories/mem-1785996029255-c87e9101.md — quem gravar por último apaga o outro
   - costa-de-ferro/porto-negro/praca-do-mercado/sarga-contrabandista/memories/mem-1785996261702-de85c5ac.md: id duplicado: o mesmo id em costa-de-ferro/porto-negro/sarga-contrabandista/memories/mem-1785996261702-de85c5ac.md — quem gravar por último apaga o outro
   - costa-de-ferro/porto-negro/sarga-contrabandista/memories/mem-1785996261702-de85c5ac.md: id duplicado: o mesmo id em costa-de-ferro/porto-negro/praca-do-mercado/sarga-contrabandista/memories/mem-1785996261702-de85c5ac.md — quem gravar por último apaga o outro
   - costa-de-ferro/porto-negro/praca-do-mercado/sarga-contrabandista/memories/mem-1785996370751-436a6067.md: id duplicado: o mesmo id em costa-de-ferro/porto-negro/sarga-contrabandista/memories/mem-1785996370751-436a6067.md — quem gravar por último apaga o outro
   - costa-de-ferro/porto-negro/sarga-contrabandista/memories/mem-1785996370751-436a6067.md: id duplicado: o mesmo id em costa-de-ferro/porto-negro/praca-do-mercado/sarga-contrabandista/memories/mem-1785996370751-436a6067.md — quem gravar por último apaga o outro
   - costa-de-ferro/porto-negro/praca-do-mercado/sarga-contrabandista/memories/mem-1785996914694-8e092b93.md: id duplicado: o mesmo id em costa-de-ferro/porto-negro/sarga-contrabandista/memories/mem-1785996914694-8e092b93.md — quem gravar por último apaga o outro
   - costa-de-ferro/porto-negro/sarga-contrabandista/memories/mem-1785996914694-8e092b93.md: id duplicado: o mesmo id em costa-de-ferro/porto-negro/praca-do-mercado/sarga-contrabandista/memories/mem-1785996914694-8e092b93.md — quem gravar por último apaga o outro
   - costa-de-ferro/porto-negro/praca-do-mercado/sarga-contrabandista/memories/mem-1785997016340-467100dc.md: id duplicado: o mesmo id em costa-de-ferro/porto-negro/sarga-contrabandista/memories/mem-1785997016340-467100dc.md — quem gravar por último apaga o outro
   - costa-de-ferro/porto-negro/sarga-contrabandista/memories/mem-1785997016340-467100dc.md: id duplicado: o mesmo id em costa-de-ferro/porto-negro/praca-do-mercado/sarga-contrabandista/memories/mem-1785997016340-467100dc.md — quem gravar por último apaga o outro
   - costa-de-ferro/porto-negro/praca-do-mercado/sarga-contrabandista/memories/mem-1785997123736-c080e72e.md: id duplicado: o mesmo id em costa-de-ferro/porto-negro/sarga-contrabandista/memories/mem-1785997123736-c080e72e.md — quem gravar por último apaga o outro
   - costa-de-ferro/porto-negro/sarga-contrabandista/memories/mem-1785997123736-c080e72e.md: id duplicado: o mesmo id em costa-de-ferro/porto-negro/praca-do-mercado/sarga-contrabandista/memories/mem-1785997123736-c080e72e.md — quem gravar por último apaga o outro
   - costa-de-ferro/porto-negro/praca-do-mercado/sarga-contrabandista/memories/mem-1785997408261-cf58eb7d.md: id duplicado: o mesmo id em costa-de-ferro/porto-negro/sarga-contrabandista/memories/mem-1785997408261-cf58eb7d.md — quem gravar por último apaga o outro
   - costa-de-ferro/porto-negro/sarga-contrabandista/memories/mem-1785997408261-cf58eb7d.md: id duplicado: o mesmo id em costa-de-ferro/porto-negro/praca-do-mercado/sarga-contrabandista/memories/mem-1785997408261-cf58eb7d.md — quem gravar por último apaga o outro
   - costa-de-ferro/porto-negro/praca-do-mercado/sarga-contrabandista/memories/mem-1785997640077-612c7062.md: id duplicado: o mesmo id em costa-de-ferro/porto-negro/sarga-contrabandista/memories/mem-1785997640077-612c7062.md — quem gravar por último apaga o outro
   - costa-de-ferro/porto-negro/sarga-contrabandista/memories/mem-1785997640077-612c7062.md: id duplicado: o mesmo id em costa-de-ferro/porto-negro/praca-do-mercado/sarga-contrabandista/memories/mem-1785997640077-612c7062.md — quem gravar por último apaga o outro
   - costa-de-ferro/porto-negro/praca-do-mercado/sarga-contrabandista/memories/mem-1785997640100-d579ae55.md: id duplicado: o mesmo id em costa-de-ferro/porto-negro/sarga-contrabandista/memories/mem-1785997640100-d579ae55.md — quem gravar por último apaga o outro
   - costa-de-ferro/porto-negro/sarga-contrabandista/memories/mem-1785997640100-d579ae55.md: id duplicado: o mesmo id em costa-de-ferro/porto-negro/praca-do-mercado/sarga-contrabandista/memories/mem-1785997640100-d579ae55.md — quem gravar por último apaga o outro
   - costa-de-ferro/porto-negro/praca-do-mercado/sarga-contrabandista/memories/mem-1785997826059-a0ac52e5.md: id duplicado: o mesmo id em costa-de-ferro/porto-negro/sarga-contrabandista/memories/mem-1785997826059-a0ac52e5.md — quem gravar por último apaga o outro
   - costa-de-ferro/porto-negro/sarga-contrabandista/memories/mem-1785997826059-a0ac52e5.md: id duplicado: o mesmo id em costa-de-ferro/porto-negro/praca-do-mercado/sarga-contrabandista/memories/mem-1785997826059-a0ac52e5.md — quem gravar por último apaga o outro
   - costa-de-ferro/porto-negro/praca-do-mercado/sarga-contrabandista/memories/mem-1785997929566-f7df2f5f.md: id duplicado: o mesmo id em costa-de-ferro/porto-negro/sarga-contrabandista/memories/mem-1785997929566-f7df2f5f.md — quem gravar por último apaga o outro
   - costa-de-ferro/porto-negro/sarga-contrabandista/memories/mem-1785997929566-f7df2f5f.md: id duplicado: o mesmo id em costa-de-ferro/porto-negro/praca-do-mercado/sarga-contrabandista/memories/mem-1785997929566-f7df2f5f.md — quem gravar por último apaga o outro
   - costa-de-ferro/porto-negro/praca-do-mercado/sarga-contrabandista/memories/mem-1785998025641-4383c6a0.md: id duplicado: o mesmo id em costa-de-ferro/porto-negro/sarga-contrabandista/memories/mem-1785998025641-4383c6a0.md — quem gravar por último apaga o outro
   - costa-de-ferro/porto-negro/sarga-contrabandista/memories/mem-1785998025641-4383c6a0.md: id duplicado: o mesmo id em costa-de-ferro/porto-negro/praca-do-mercado/sarga-contrabandista/memories/mem-1785998025641-4383c6a0.md — quem gravar por último apaga o outro
   - costa-de-ferro/porto-negro/praca-do-mercado/sarga-contrabandista/memories/mem-1785998118961-f83fae71.md: id duplicado: o mesmo id em costa-de-ferro/porto-negro/sarga-contrabandista/memories/mem-1785998118961-f83fae71.md — quem gravar por último apaga o outro
   - costa-de-ferro/porto-negro/sarga-contrabandista/memories/mem-1785998118961-f83fae71.md: id duplicado: o mesmo id em costa-de-ferro/porto-negro/praca-do-mercado/sarga-contrabandista/memories/mem-1785998118961-f83fae71.md — quem gravar por último apaga o outro
   - costa-de-ferro/porto-negro/praca-do-mercado/sarga-contrabandista/memories/mem-1785998215534-aa0d7715.md: id duplicado: o mesmo id em costa-de-ferro/porto-negro/sarga-contrabandista/memories/mem-1785998215534-aa0d7715.md — quem gravar por último apaga o outro
   - costa-de-ferro/porto-negro/sarga-contrabandista/memories/mem-1785998215534-aa0d7715.md: id duplicado: o mesmo id em costa-de-ferro/porto-negro/praca-do-mercado/sarga-contrabandista/memories/mem-1785998215534-aa0d7715.md — quem gravar por último apaga o outro
   - costa-de-ferro/porto-negro/praca-do-mercado/sarga-contrabandista/memories/mem-1785998330222-2a60e13e.md: id duplicado: o mesmo id em costa-de-ferro/porto-negro/sarga-contrabandista/memories/mem-1785998330222-2a60e13e.md — quem gravar por último apaga o outro
   - costa-de-ferro/porto-negro/sarga-contrabandista/memories/mem-1785998330222-2a60e13e.md: id duplicado: o mesmo id em costa-de-ferro/porto-negro/praca-do-mercado/sarga-contrabandista/memories/mem-1785998330222-2a60e13e.md — quem gravar por último apaga o outro
   - costa-de-ferro/porto-negro/praca-do-mercado/sarga-contrabandista/memories/mem-1785998330248-7c6659ab.md: id duplicado: o mesmo id em costa-de-ferro/porto-negro/sarga-contrabandista/memories/mem-1785998330248-7c6659ab.md — quem gravar por último apaga o outro
   - costa-de-ferro/porto-negro/sarga-contrabandista/memories/mem-1785998330248-7c6659ab.md: id duplicado: o mesmo id em costa-de-ferro/porto-negro/praca-do-mercado/sarga-contrabandista/memories/mem-1785998330248-7c6659ab.md — quem gravar por último apaga o outro
   - costa-de-ferro/porto-negro/praca-do-mercado/sarga-contrabandista/memories/mem-1785998427929-51cc959e.md: id duplicado: o mesmo id em costa-de-ferro/porto-negro/sarga-contrabandista/memories/mem-1785998427929-51cc959e.md — quem gravar por último apaga o outro
   - costa-de-ferro/porto-negro/sarga-contrabandista/memories/mem-1785998427929-51cc959e.md: id duplicado: o mesmo id em costa-de-ferro/porto-negro/praca-do-mercado/sarga-contrabandista/memories/mem-1785998427929-51cc959e.md — quem gravar por último apaga o outro
   - costa-de-ferro/porto-negro/praca-do-mercado/sarga-contrabandista/memories/mem-1785998760603-23907ab0.md: id duplicado: o mesmo id em costa-de-ferro/porto-negro/sarga-contrabandista/memories/mem-1785998760603-23907ab0.md — quem gravar por último apaga o outro
   - costa-de-ferro/porto-negro/sarga-contrabandista/memories/mem-1785998760603-23907ab0.md: id duplicado: o mesmo id em costa-de-ferro/porto-negro/praca-do-mercado/sarga-contrabandista/memories/mem-1785998760603-23907ab0.md — quem gravar por último apaga o outro
   - costa-de-ferro/porto-negro/praca-do-mercado/sarga-contrabandista/memories/mem-1785998876435-ce684e08.md: id duplicado: o mesmo id em costa-de-ferro/porto-negro/sarga-contrabandista/memories/mem-1785998876435-ce684e08.md — quem gravar por último apaga o outro
   - costa-de-ferro/porto-negro/sarga-contrabandista/memories/mem-1785998876435-ce684e08.md: id duplicado: o mesmo id em costa-de-ferro/porto-negro/praca-do-mercado/sarga-contrabandista/memories/mem-1785998876435-ce684e08.md — quem gravar por último apaga o outro
   - costa-de-ferro/porto-negro/praca-do-mercado/sarga-contrabandista/memories/mem-1785999121819-543acf23.md: id duplicado: o mesmo id em costa-de-ferro/porto-negro/sarga-contrabandista/memories/mem-1785999121819-543acf23.md — quem gravar por último apaga o outro
   - costa-de-ferro/porto-negro/sarga-contrabandista/memories/mem-1785999121819-543acf23.md: id duplicado: o mesmo id em costa-de-ferro/porto-negro/praca-do-mercado/sarga-contrabandista/memories/mem-1785999121819-543acf23.md — quem gravar por último apaga o outro
   - costa-de-ferro/porto-negro/cais-velho/hulda-estivadora/memories/mem-1785999121870-b54831dc.md: id duplicado: o mesmo id em costa-de-ferro/porto-negro/praca-do-mercado/hulda-estivadora/memories/mem-1785999121870-b54831dc.md — quem gravar por último apaga o outro
   - costa-de-ferro/porto-negro/praca-do-mercado/hulda-estivadora/memories/mem-1785999121870-b54831dc.md: id duplicado: o mesmo id em costa-de-ferro/porto-negro/cais-velho/hulda-estivadora/memories/mem-1785999121870-b54831dc.md — quem gravar por último apaga o outro
   - costa-de-ferro/porto-negro/praca-do-mercado/sarga-contrabandista/memories/mem-1785999121904-f6e27629.md: id duplicado: o mesmo id em costa-de-ferro/porto-negro/sarga-contrabandista/memories/mem-1785999121904-f6e27629.md — quem gravar por último apaga o outro
   - costa-de-ferro/porto-negro/sarga-contrabandista/memories/mem-1785999121904-f6e27629.md: id duplicado: o mesmo id em costa-de-ferro/porto-negro/praca-do-mercado/sarga-contrabandista/memories/mem-1785999121904-f6e27629.md — quem gravar por último apaga o outro
   - costa-de-ferro/porto-negro/bramm-estivador-mor/memories/mem-1785999121922-bfe7310c.md: id duplicado: o mesmo id em costa-de-ferro/porto-negro/praca-do-mercado/bramm-estivador-mor/memories/mem-1785999121922-bfe7310c.md — quem gravar por último apaga o outro
   - costa-de-ferro/porto-negro/praca-do-mercado/bramm-estivador-mor/memories/mem-1785999121922-bfe7310c.md: id duplicado: o mesmo id em costa-de-ferro/porto-negro/bramm-estivador-mor/memories/mem-1785999121922-bfe7310c.md — quem gravar por último apaga o outro
   - costa-de-ferro/porto-negro/praca-do-mercado/sarga-contrabandista/memories/mem-1785999128501-0d40090a.md: id duplicado: o mesmo id em costa-de-ferro/porto-negro/sarga-contrabandista/memories/mem-1785999128501-0d40090a.md — quem gravar por último apaga o outro
   - costa-de-ferro/porto-negro/sarga-contrabandista/memories/mem-1785999128501-0d40090a.md: id duplicado: o mesmo id em costa-de-ferro/porto-negro/praca-do-mercado/sarga-contrabandista/memories/mem-1785999128501-0d40090a.md — quem gravar por último apaga o outro
   - costa-de-ferro/porto-negro/praca-do-mercado/sarga-contrabandista/memories/mem-1785999211059-fc63b4f6.md: id duplicado: o mesmo id em costa-de-ferro/porto-negro/sarga-contrabandista/memories/mem-1785999211059-fc63b4f6.md — quem gravar por último apaga o outro
   - costa-de-ferro/porto-negro/sarga-contrabandista/memories/mem-1785999211059-fc63b4f6.md: id duplicado: o mesmo id em costa-de-ferro/porto-negro/praca-do-mercado/sarga-contrabandista/memories/mem-1785999211059-fc63b4f6.md — quem gravar por último apaga o outro
   - costa-de-ferro/porto-negro/praca-do-mercado/sarga-contrabandista/memories/mem-1785999324275-de8f76d6.md: id duplicado: o mesmo id em costa-de-ferro/porto-negro/sarga-contrabandista/memories/mem-1785999324275-de8f76d6.md — quem gravar por último apaga o outro
   - costa-de-ferro/porto-negro/sarga-contrabandista/memories/mem-1785999324275-de8f76d6.md: id duplicado: o mesmo id em costa-de-ferro/porto-negro/praca-do-mercado/sarga-contrabandista/memories/mem-1785999324275-de8f76d6.md — quem gravar por último apaga o outro
   - costa-de-ferro/porto-negro/praca-do-mercado/sarga-contrabandista/memories/mem-1785999536701-b759286d.md: id duplicado: o mesmo id em costa-de-ferro/porto-negro/sarga-contrabandista/memories/mem-1785999536701-b759286d.md — quem gravar por último apaga o outro
   - costa-de-ferro/porto-negro/sarga-contrabandista/memories/mem-1785999536701-b759286d.md: id duplicado: o mesmo id em costa-de-ferro/porto-negro/praca-do-mercado/sarga-contrabandista/memories/mem-1785999536701-b759286d.md — quem gravar por último apaga o outro
   - costa-de-ferro/porto-negro/praca-do-mercado/sarga-contrabandista/memories/mem-1785999657543-154bd448.md: id duplicado: o mesmo id em costa-de-ferro/porto-negro/sarga-contrabandista/memories/mem-1785999657543-154bd448.md — quem gravar por último apaga o outro
   - costa-de-ferro/porto-negro/sarga-contrabandista/memories/mem-1785999657543-154bd448.md: id duplicado: o mesmo id em costa-de-ferro/porto-negro/praca-do-mercado/sarga-contrabandista/memories/mem-1785999657543-154bd448.md — quem gravar por último apaga o outro
   - costa-de-ferro/porto-negro/praca-do-mercado/sarga-contrabandista/memories/mem-1785999770037-677d427a.md: id duplicado: o mesmo id em costa-de-ferro/porto-negro/sarga-contrabandista/memories/mem-1785999770037-677d427a.md — quem gravar por último apaga o outro
   - costa-de-ferro/porto-negro/sarga-contrabandista/memories/mem-1785999770037-677d427a.md: id duplicado: o mesmo id em costa-de-ferro/porto-negro/praca-do-mercado/sarga-contrabandista/memories/mem-1785999770037-677d427a.md — quem gravar por último apaga o outro
   - costa-de-ferro/porto-negro/praca-do-mercado/sarga-contrabandista/memories/mem-1786000299452-fb6f944f.md: id duplicado: o mesmo id em costa-de-ferro/porto-negro/sarga-contrabandista/memories/mem-1786000299452-fb6f944f.md — quem gravar por último apaga o outro
   - costa-de-ferro/porto-negro/sarga-contrabandista/memories/mem-1786000299452-fb6f944f.md: id duplicado: o mesmo id em costa-de-ferro/porto-negro/praca-do-mercado/sarga-contrabandista/memories/mem-1786000299452-fb6f944f.md — quem gravar por último apaga o outro
   - costa-de-ferro/porto-negro/praca-do-mercado/sarga-contrabandista/memories/mem-1786000395400-52b9d191.md: id duplicado: o mesmo id em costa-de-ferro/porto-negro/sarga-contrabandista/memories/mem-1786000395400-52b9d191.md — quem gravar por último apaga o outro
   - costa-de-ferro/porto-negro/sarga-contrabandista/memories/mem-1786000395400-52b9d191.md: id duplicado: o mesmo id em costa-de-ferro/porto-negro/praca-do-mercado/sarga-contrabandista/memories/mem-1786000395400-52b9d191.md — quem gravar por último apaga o outro
   - costa-de-ferro/porto-negro/praca-do-mercado/sarga-contrabandista/memories/mem-1786000499629-a95cac6c.md: id duplicado: o mesmo id em costa-de-ferro/porto-negro/sarga-contrabandista/memories/mem-1786000499629-a95cac6c.md — quem gravar por último apaga o outro
   - costa-de-ferro/porto-negro/sarga-contrabandista/memories/mem-1786000499629-a95cac6c.md: id duplicado: o mesmo id em costa-de-ferro/porto-negro/praca-do-mercado/sarga-contrabandista/memories/mem-1786000499629-a95cac6c.md — quem gravar por último apaga o outro
   - costa-de-ferro/porto-negro/praca-do-mercado/sarga-contrabandista/memories/mem-1786000508012-393d4cf4.md: id duplicado: o mesmo id em costa-de-ferro/porto-negro/sarga-contrabandista/memories/mem-1786000508012-393d4cf4.md — quem gravar por último apaga o outro
   - costa-de-ferro/porto-negro/sarga-contrabandista/memories/mem-1786000508012-393d4cf4.md: id duplicado: o mesmo id em costa-de-ferro/porto-negro/praca-do-mercado/sarga-contrabandista/memories/mem-1786000508012-393d4cf4.md — quem gravar por último apaga o outro
   - costa-de-ferro/porto-negro/praca-do-mercado/sarga-contrabandista/memories/mem-1786000616689-92a01306.md: id duplicado: o mesmo id em costa-de-ferro/porto-negro/sarga-contrabandista/memories/mem-1786000616689-92a01306.md — quem gravar por último apaga o outro
   - costa-de-ferro/porto-negro/sarga-contrabandista/memories/mem-1786000616689-92a01306.md: id duplicado: o mesmo id em costa-de-ferro/porto-negro/praca-do-mercado/sarga-contrabandista/memories/mem-1786000616689-92a01306.md — quem gravar por último apaga o outro
   - costa-de-ferro/porto-negro/praca-do-mercado/sarga-contrabandista/memories/mem-1786000724737-dae31745.md: id duplicado: o mesmo id em costa-de-ferro/porto-negro/sarga-contrabandista/memories/mem-1786000724737-dae31745.md — quem gravar por último apaga o outro
   - costa-de-ferro/porto-negro/sarga-contrabandista/memories/mem-1786000724737-dae31745.md: id duplicado: o mesmo id em costa-de-ferro/porto-negro/praca-do-mercado/sarga-contrabandista/memories/mem-1786000724737-dae31745.md — quem gravar por último apaga o outro
   - costa-de-ferro/porto-negro/praca-do-mercado/sarga-contrabandista/memories/mem-1786000936362-6ad4f2a1.md: id duplicado: o mesmo id em costa-de-ferro/porto-negro/sarga-contrabandista/memories/mem-1786000936362-6ad4f2a1.md — quem gravar por último apaga o outro
   - costa-de-ferro/porto-negro/sarga-contrabandista/memories/mem-1786000936362-6ad4f2a1.md: id duplicado: o mesmo id em costa-de-ferro/porto-negro/praca-do-mercado/sarga-contrabandista/memories/mem-1786000936362-6ad4f2a1.md — quem gravar por último apaga o outro
   - costa-de-ferro/porto-negro/praca-do-mercado/sarga-contrabandista/memories/mem-1786001062083-342bed37.md: id duplicado: o mesmo id em costa-de-ferro/porto-negro/sarga-contrabandista/memories/mem-1786001062083-342bed37.md — quem gravar por último apaga o outro
   - costa-de-ferro/porto-negro/sarga-contrabandista/memories/mem-1786001062083-342bed37.md: id duplicado: o mesmo id em costa-de-ferro/porto-negro/praca-do-mercado/sarga-contrabandista/memories/mem-1786001062083-342bed37.md — quem gravar por último apaga o outro
   - costa-de-ferro/porto-negro/praca-do-mercado/sarga-contrabandista/memories/mem-1786001172930-4ef5beec.md: id duplicado: o mesmo id em costa-de-ferro/porto-negro/sarga-contrabandista/memories/mem-1786001172930-4ef5beec.md — quem gravar por último apaga o outro
   - costa-de-ferro/porto-negro/sarga-contrabandista/memories/mem-1786001172930-4ef5beec.md: id duplicado: o mesmo id em costa-de-ferro/porto-negro/praca-do-mercado/sarga-contrabandista/memories/mem-1786001172930-4ef5beec.md — quem gravar por último apaga o outro
   - costa-de-ferro/porto-negro/praca-do-mercado/sarga-contrabandista/memories/mem-1786001277870-d903c91c.md: id duplicado: o mesmo id em costa-de-ferro/porto-negro/sarga-contrabandista/memories/mem-1786001277870-d903c91c.md — quem gravar por último apaga o outro
   - costa-de-ferro/porto-negro/sarga-contrabandista/memories/mem-1786001277870-d903c91c.md: id duplicado: o mesmo id em costa-de-ferro/porto-negro/praca-do-mercado/sarga-contrabandista/memories/mem-1786001277870-d903c91c.md — quem gravar por último apaga o outro
   - costa-de-ferro/porto-negro/praca-do-mercado/sarga-contrabandista/memories/mem-1786001386059-b438478c.md: id duplicado: o mesmo id em costa-de-ferro/porto-negro/sarga-contrabandista/memories/mem-1786001386059-b438478c.md — quem gravar por último apaga o outro
   - costa-de-ferro/porto-negro/sarga-contrabandista/memories/mem-1786001386059-b438478c.md: id duplicado: o mesmo id em costa-de-ferro/porto-negro/praca-do-mercado/sarga-contrabandista/memories/mem-1786001386059-b438478c.md — quem gravar por último apaga o outro
   - costa-de-ferro/porto-negro/bramm-estivador-mor/memories/mem-1786001386066-a8c130f7.md: id duplicado: o mesmo id em costa-de-ferro/porto-negro/praca-do-mercado/bramm-estivador-mor/memories/mem-1786001386066-a8c130f7.md — quem gravar por último apaga o outro
   - costa-de-ferro/porto-negro/praca-do-mercado/bramm-estivador-mor/memories/mem-1786001386066-a8c130f7.md: id duplicado: o mesmo id em costa-de-ferro/porto-negro/bramm-estivador-mor/memories/mem-1786001386066-a8c130f7.md — quem gravar por último apaga o outro
   - costa-de-ferro/porto-negro/praca-do-mercado/sarga-contrabandista/memories/mem-1786001499035-f5ed1d24.md: id duplicado: o mesmo id em costa-de-ferro/porto-negro/sarga-contrabandista/memories/mem-1786001499035-f5ed1d24.md — quem gravar por último apaga o outro
   - costa-de-ferro/porto-negro/sarga-contrabandista/memories/mem-1786001499035-f5ed1d24.md: id duplicado: o mesmo id em costa-de-ferro/porto-negro/praca-do-mercado/sarga-contrabandista/memories/mem-1786001499035-f5ed1d24.md — quem gravar por último apaga o outro
   - costa-de-ferro/porto-negro/praca-do-mercado/sarga-contrabandista/memories/mem-1786001599356-7aa6f974.md: id duplicado: o mesmo id em costa-de-ferro/porto-negro/sarga-contrabandista/memories/mem-1786001599356-7aa6f974.md — quem gravar por último apaga o outro
   - costa-de-ferro/porto-negro/sarga-contrabandista/memories/mem-1786001599356-7aa6f974.md: id duplicado: o mesmo id em costa-de-ferro/porto-negro/praca-do-mercado/sarga-contrabandista/memories/mem-1786001599356-7aa6f974.md — quem gravar por último apaga o outro
   - costa-de-ferro/porto-negro/praca-do-mercado/sarga-contrabandista/memories/mem-1786001699288-8b3657ab.md: id duplicado: o mesmo id em costa-de-ferro/porto-negro/sarga-contrabandista/memories/mem-1786001699288-8b3657ab.md — quem gravar por último apaga o outro
   - costa-de-ferro/porto-negro/sarga-contrabandista/memories/mem-1786001699288-8b3657ab.md: id duplicado: o mesmo id em costa-de-ferro/porto-negro/praca-do-mercado/sarga-contrabandista/memories/mem-1786001699288-8b3657ab.md — quem gravar por último apaga o outro
   - costa-de-ferro/porto-negro/praca-do-mercado/sarga-contrabandista/memories/mem-1786001811555-ab7c6c59.md: id duplicado: o mesmo id em costa-de-ferro/porto-negro/sarga-contrabandista/memories/mem-1786001811555-ab7c6c59.md — quem gravar por último apaga o outro
   - costa-de-ferro/porto-negro/sarga-contrabandista/memories/mem-1786001811555-ab7c6c59.md: id duplicado: o mesmo id em costa-de-ferro/porto-negro/praca-do-mercado/sarga-contrabandista/memories/mem-1786001811555-ab7c6c59.md — quem gravar por último apaga o outro
   - costa-de-ferro/porto-negro/praca-do-mercado/sarga-contrabandista/memories/mem-1786001917906-855f4003.md: id duplicado: o mesmo id em costa-de-ferro/porto-negro/sarga-contrabandista/memories/mem-1786001917906-855f4003.md — quem gravar por último apaga o outro
   - costa-de-ferro/porto-negro/sarga-contrabandista/memories/mem-1786001917906-855f4003.md: id duplicado: o mesmo id em costa-de-ferro/porto-negro/praca-do-mercado/sarga-contrabandista/memories/mem-1786001917906-855f4003.md — quem gravar por último apaga o outro
   - costa-de-ferro/porto-negro/bramm-estivador-mor/memories/mem-1786001917913-2692b97f.md: id duplicado: o mesmo id em costa-de-ferro/porto-negro/praca-do-mercado/bramm-estivador-mor/memories/mem-1786001917913-2692b97f.md — quem gravar por último apaga o outro
   - costa-de-ferro/porto-negro/praca-do-mercado/bramm-estivador-mor/memories/mem-1786001917913-2692b97f.md: id duplicado: o mesmo id em costa-de-ferro/porto-negro/bramm-estivador-mor/memories/mem-1786001917913-2692b97f.md — quem gravar por último apaga o outro
   - costa-de-ferro/porto-negro/cais-velho/hulda-estivadora/memories/mem-1786001917970-86a221c2.md: id duplicado: o mesmo id em costa-de-ferro/porto-negro/praca-do-mercado/hulda-estivadora/memories/mem-1786001917970-86a221c2.md — quem gravar por último apaga o outro
   - costa-de-ferro/porto-negro/praca-do-mercado/hulda-estivadora/memories/mem-1786001917970-86a221c2.md: id duplicado: o mesmo id em costa-de-ferro/porto-negro/cais-velho/hulda-estivadora/memories/mem-1786001917970-86a221c2.md — quem gravar por último apaga o outro
   - costa-de-ferro/porto-negro/praca-do-mercado/sarga-contrabandista/memories/mem-1786002035566-937eccff.md: id duplicado: o mesmo id em costa-de-ferro/porto-negro/sarga-contrabandista/memories/mem-1786002035566-937eccff.md — quem gravar por último apaga o outro
   - costa-de-ferro/porto-negro/sarga-contrabandista/memories/mem-1786002035566-937eccff.md: id duplicado: o mesmo id em costa-de-ferro/porto-negro/praca-do-mercado/sarga-contrabandista/memories/mem-1786002035566-937eccff.md — quem gravar por último apaga o outro
   - costa-de-ferro/porto-negro/praca-do-mercado/sarga-contrabandista/memories/mem-1786002143538-fce9366b.md: id duplicado: o mesmo id em costa-de-ferro/porto-negro/sarga-contrabandista/memories/mem-1786002143538-fce9366b.md — quem gravar por último apaga o outro
   - costa-de-ferro/porto-negro/sarga-contrabandista/memories/mem-1786002143538-fce9366b.md: id duplicado: o mesmo id em costa-de-ferro/porto-negro/praca-do-mercado/sarga-contrabandista/memories/mem-1786002143538-fce9366b.md — quem gravar por último apaga o outro
   - costa-de-ferro/porto-negro/praca-do-mercado/sarga-contrabandista/memories/mem-1786002391488-758e82c7.md: id duplicado: o mesmo id em costa-de-ferro/porto-negro/sarga-contrabandista/memories/mem-1786002391488-758e82c7.md — quem gravar por último apaga o outro
   - costa-de-ferro/porto-negro/sarga-contrabandista/memories/mem-1786002391488-758e82c7.md: id duplicado: o mesmo id em costa-de-ferro/porto-negro/praca-do-mercado/sarga-contrabandista/memories/mem-1786002391488-758e82c7.md — quem gravar por último apaga o outro
   - costa-de-ferro/porto-negro/praca-do-mercado/sarga-contrabandista/memories/mem-1786002403025-77e48e0e.md: id duplicado: o mesmo id em costa-de-ferro/porto-negro/sarga-contrabandista/memories/mem-1786002403025-77e48e0e.md — quem gravar por último apaga o outro
   - costa-de-ferro/porto-negro/sarga-contrabandista/memories/mem-1786002403025-77e48e0e.md: id duplicado: o mesmo id em costa-de-ferro/porto-negro/praca-do-mercado/sarga-contrabandista/memories/mem-1786002403025-77e48e0e.md — quem gravar por último apaga o outro
   - costa-de-ferro/porto-negro/praca-do-mercado/sarga-contrabandista/memories/mem-1786002413568-2702e6c0.md: id duplicado: o mesmo id em costa-de-ferro/porto-negro/sarga-contrabandista/memories/mem-1786002413568-2702e6c0.md — quem gravar por último apaga o outro
   - costa-de-ferro/porto-negro/sarga-contrabandista/memories/mem-1786002413568-2702e6c0.md: id duplicado: o mesmo id em costa-de-ferro/porto-negro/praca-do-mercado/sarga-contrabandista/memories/mem-1786002413568-2702e6c0.md — quem gravar por último apaga o outro
   - costa-de-ferro/porto-negro/praca-do-mercado/sarga-contrabandista/memories/mem-1786002762596-125dc884.md: id duplicado: o mesmo id em costa-de-ferro/porto-negro/sarga-contrabandista/memories/mem-1786002762596-125dc884.md — quem gravar por último apaga o outro
   - costa-de-ferro/porto-negro/sarga-contrabandista/memories/mem-1786002762596-125dc884.md: id duplicado: o mesmo id em costa-de-ferro/porto-negro/praca-do-mercado/sarga-contrabandista/memories/mem-1786002762596-125dc884.md — quem gravar por último apaga o outro
   - costa-de-ferro/porto-negro/praca-do-mercado/sarga-contrabandista/memories/mem-1786003043888-0d1ffc8c.md: id duplicado: o mesmo id em costa-de-ferro/porto-negro/sarga-contrabandista/memories/mem-1786003043888-0d1ffc8c.md — quem gravar por último apaga o outro
   - costa-de-ferro/porto-negro/sarga-contrabandista/memories/mem-1786003043888-0d1ffc8c.md: id duplicado: o mesmo id em costa-de-ferro/porto-negro/praca-do-mercado/sarga-contrabandista/memories/mem-1786003043888-0d1ffc8c.md — quem gravar por último apaga o outro
   - costa-de-ferro/porto-negro/praca-do-mercado/coppo-rato-de-cais/memories/mem-1786003174337-14b4ff5c.md: id duplicado: o mesmo id em costa-de-ferro/porto-negro/taverna-do-gancho/coppo-rato-de-cais/memories/mem-1786003174337-14b4ff5c.md — quem gravar por último apaga o outro
   - costa-de-ferro/porto-negro/taverna-do-gancho/coppo-rato-de-cais/memories/mem-1786003174337-14b4ff5c.md: id duplicado: o mesmo id em costa-de-ferro/porto-negro/praca-do-mercado/coppo-rato-de-cais/memories/mem-1786003174337-14b4ff5c.md — quem gravar por último apaga o outro
   - costa-de-ferro/porto-negro/praca-do-mercado/doncel-bebado/memories/mem-1786003174341-5055297e.md: id duplicado: o mesmo id em costa-de-ferro/porto-negro/taverna-do-gancho/doncel-bebado/memories/mem-1786003174341-5055297e.md — quem gravar por último apaga o outro
   - costa-de-ferro/porto-negro/taverna-do-gancho/doncel-bebado/memories/mem-1786003174341-5055297e.md: id duplicado: o mesmo id em costa-de-ferro/porto-negro/praca-do-mercado/doncel-bebado/memories/mem-1786003174341-5055297e.md — quem gravar por último apaga o outro
   - costa-de-ferro/porto-negro/praca-do-mercado/sarga-contrabandista/memories/mem-1786003192767-0d526824.md: id duplicado: o mesmo id em costa-de-ferro/porto-negro/sarga-contrabandista/memories/mem-1786003192767-0d526824.md — quem gravar por último apaga o outro
   - costa-de-ferro/porto-negro/sarga-contrabandista/memories/mem-1786003192767-0d526824.md: id duplicado: o mesmo id em costa-de-ferro/porto-negro/praca-do-mercado/sarga-contrabandista/memories/mem-1786003192767-0d526824.md — quem gravar por último apaga o outro
   - costa-de-ferro/porto-negro/praca-do-mercado/sarga-contrabandista/memories/mem-1786003327307-358013dd.md: id duplicado: o mesmo id em costa-de-ferro/porto-negro/sarga-contrabandista/memories/mem-1786003327307-358013dd.md — quem gravar por último apaga o outro
   - costa-de-ferro/porto-negro/sarga-contrabandista/memories/mem-1786003327307-358013dd.md: id duplicado: o mesmo id em costa-de-ferro/porto-negro/praca-do-mercado/sarga-contrabandista/memories/mem-1786003327307-358013dd.md — quem gravar por último apaga o outro
   - costa-de-ferro/porto-negro/praca-do-mercado/sarga-contrabandista/memories/mem-1786003560348-186729da.md: id duplicado: o mesmo id em costa-de-ferro/porto-negro/sarga-contrabandista/memories/mem-1786003560348-186729da.md — quem gravar por último apaga o outro
   - costa-de-ferro/porto-negro/sarga-contrabandista/memories/mem-1786003560348-186729da.md: id duplicado: o mesmo id em costa-de-ferro/porto-negro/praca-do-mercado/sarga-contrabandista/memories/mem-1786003560348-186729da.md — quem gravar por último apaga o outro
   - costa-de-ferro/porto-negro/praca-do-mercado/sarga-contrabandista/memories/mem-1786003710271-3b3496c9.md: id duplicado: o mesmo id em costa-de-ferro/porto-negro/sarga-contrabandista/memories/mem-1786003710271-3b3496c9.md — quem gravar por último apaga o outro
   - costa-de-ferro/porto-negro/sarga-contrabandista/memories/mem-1786003710271-3b3496c9.md: id duplicado: o mesmo id em costa-de-ferro/porto-negro/praca-do-mercado/sarga-contrabandista/memories/mem-1786003710271-3b3496c9.md — quem gravar por último apaga o outro
   - costa-de-ferro/porto-negro/praca-do-mercado/sarga-contrabandista/memories/mem-1786003710305-31cb293f.md: id duplicado: o mesmo id em costa-de-ferro/porto-negro/sarga-contrabandista/memories/mem-1786003710305-31cb293f.md — quem gravar por último apaga o outro
   - costa-de-ferro/porto-negro/sarga-contrabandista/memories/mem-1786003710305-31cb293f.md: id duplicado: o mesmo id em costa-de-ferro/porto-negro/praca-do-mercado/sarga-contrabandista/memories/mem-1786003710305-31cb293f.md — quem gravar por último apaga o outro
   - costa-de-ferro/porto-negro/praca-do-mercado/sarga-contrabandista/memories/mem-1786003852619-bd7f40e0.md: id duplicado: o mesmo id em costa-de-ferro/porto-negro/sarga-contrabandista/memories/mem-1786003852619-bd7f40e0.md — quem gravar por último apaga o outro
   - costa-de-ferro/porto-negro/sarga-contrabandista/memories/mem-1786003852619-bd7f40e0.md: id duplicado: o mesmo id em costa-de-ferro/porto-negro/praca-do-mercado/sarga-contrabandista/memories/mem-1786003852619-bd7f40e0.md — quem gravar por último apaga o outro
   - costa-de-ferro/porto-negro/praca-do-mercado/sarga-contrabandista/memories/mem-1786003984735-0c1ac35b.md: id duplicado: o mesmo id em costa-de-ferro/porto-negro/sarga-contrabandista/memories/mem-1786003984735-0c1ac35b.md — quem gravar por último apaga o outro
   - costa-de-ferro/porto-negro/sarga-contrabandista/memories/mem-1786003984735-0c1ac35b.md: id duplicado: o mesmo id em costa-de-ferro/porto-negro/praca-do-mercado/sarga-contrabandista/memories/mem-1786003984735-0c1ac35b.md — quem gravar por último apaga o outro
   - costa-de-ferro/porto-negro/praca-do-mercado/sarga-contrabandista/memories/mem-1786003984741-c70d5feb.md: id duplicado: o mesmo id em costa-de-ferro/porto-negro/sarga-contrabandista/memories/mem-1786003984741-c70d5feb.md — quem gravar por último apaga o outro
   - costa-de-ferro/porto-negro/sarga-contrabandista/memories/mem-1786003984741-c70d5feb.md: id duplicado: o mesmo id em costa-de-ferro/porto-negro/praca-do-mercado/sarga-contrabandista/memories/mem-1786003984741-c70d5feb.md — quem gravar por último apaga o outro
   - costa-de-ferro/porto-negro/praca-do-mercado/sarga-contrabandista/memories/mem-1786004222091-9b58166d.md: id duplicado: o mesmo id em costa-de-ferro/porto-negro/sarga-contrabandista/memories/mem-1786004222091-9b58166d.md — quem gravar por último apaga o outro
   - costa-de-ferro/porto-negro/sarga-contrabandista/memories/mem-1786004222091-9b58166d.md: id duplicado: o mesmo id em costa-de-ferro/porto-negro/praca-do-mercado/sarga-contrabandista/memories/mem-1786004222091-9b58166d.md — quem gravar por último apaga o outro
   - costa-de-ferro/porto-negro/praca-do-mercado/sarga-contrabandista/memories/mem-1786004353591-fbef0e7c.md: id duplicado: o mesmo id em costa-de-ferro/porto-negro/sarga-contrabandista/memories/mem-1786004353591-fbef0e7c.md — quem gravar por último apaga o outro
   - costa-de-ferro/porto-negro/sarga-contrabandista/memories/mem-1786004353591-fbef0e7c.md: id duplicado: o mesmo id em costa-de-ferro/porto-negro/praca-do-mercado/sarga-contrabandista/memories/mem-1786004353591-fbef0e7c.md — quem gravar por último apaga o outro
   - costa-de-ferro/porto-negro/praca-do-mercado/sarga-contrabandista/memories/mem-1786004492707-d5eaab30.md: id duplicado: o mesmo id em costa-de-ferro/porto-negro/sarga-contrabandista/memories/mem-1786004492707-d5eaab30.md — quem gravar por último apaga o outro
   - costa-de-ferro/porto-negro/sarga-contrabandista/memories/mem-1786004492707-d5eaab30.md: id duplicado: o mesmo id em costa-de-ferro/porto-negro/praca-do-mercado/sarga-contrabandista/memories/mem-1786004492707-d5eaab30.md — quem gravar por último apaga o outro
   - costa-de-ferro/porto-negro/praca-do-mercado/sarga-contrabandista/memories/mem-1786004639913-a8784024.md: id duplicado: o mesmo id em costa-de-ferro/porto-negro/sarga-contrabandista/memories/mem-1786004639913-a8784024.md — quem gravar por último apaga o outro
   - costa-de-ferro/porto-negro/sarga-contrabandista/memories/mem-1786004639913-a8784024.md: id duplicado: o mesmo id em costa-de-ferro/porto-negro/praca-do-mercado/sarga-contrabandista/memories/mem-1786004639913-a8784024.md — quem gravar por último apaga o outro
   - costa-de-ferro/porto-negro/praca-do-mercado/sarga-contrabandista/memories/mem-1786004758969-3ba3c852.md: id duplicado: o mesmo id em costa-de-ferro/porto-negro/sarga-contrabandista/memories/mem-1786004758969-3ba3c852.md — quem gravar por último apaga o outro
   - costa-de-ferro/porto-negro/sarga-contrabandista/memories/mem-1786004758969-3ba3c852.md: id duplicado: o mesmo id em costa-de-ferro/porto-negro/praca-do-mercado/sarga-contrabandista/memories/mem-1786004758969-3ba3c852.md — quem gravar por último apaga o outro
   - costa-de-ferro/porto-negro/praca-do-mercado/sarga-contrabandista/memories/mem-1786004768280-3672ce40.md: id duplicado: o mesmo id em costa-de-ferro/porto-negro/sarga-contrabandista/memories/mem-1786004768280-3672ce40.md — quem gravar por último apaga o outro
   - costa-de-ferro/porto-negro/sarga-contrabandista/memories/mem-1786004768280-3672ce40.md: id duplicado: o mesmo id em costa-de-ferro/porto-negro/praca-do-mercado/sarga-contrabandista/memories/mem-1786004768280-3672ce40.md — quem gravar por último apaga o outro
   - costa-de-ferro/porto-negro/praca-do-mercado/sarga-contrabandista/memories/mem-1786005157408-453b49ba.md: id duplicado: o mesmo id em costa-de-ferro/porto-negro/sarga-contrabandista/memories/mem-1786005157408-453b49ba.md — quem gravar por último apaga o outro
   - costa-de-ferro/porto-negro/sarga-contrabandista/memories/mem-1786005157408-453b49ba.md: id duplicado: o mesmo id em costa-de-ferro/porto-negro/praca-do-mercado/sarga-contrabandista/memories/mem-1786005157408-453b49ba.md — quem gravar por último apaga o outro
   - costa-de-ferro/porto-negro/praca-do-mercado/sarga-contrabandista/memories/mem-1786005445801-83db69c7.md: id duplicado: o mesmo id em costa-de-ferro/porto-negro/sarga-contrabandista/memories/mem-1786005445801-83db69c7.md — quem gravar por último apaga o outro
   - costa-de-ferro/porto-negro/sarga-contrabandista/memories/mem-1786005445801-83db69c7.md: id duplicado: o mesmo id em costa-de-ferro/porto-negro/praca-do-mercado/sarga-contrabandista/memories/mem-1786005445801-83db69c7.md — quem gravar por último apaga o outro
   - costa-de-ferro/porto-negro/praca-do-mercado/sarga-contrabandista/memories/mem-1786005565450-6c1e4398.md: id duplicado: o mesmo id em costa-de-ferro/porto-negro/sarga-contrabandista/memories/mem-1786005565450-6c1e4398.md — quem gravar por último apaga o outro
   - costa-de-ferro/porto-negro/sarga-contrabandista/memories/mem-1786005565450-6c1e4398.md: id duplicado: o mesmo id em costa-de-ferro/porto-negro/praca-do-mercado/sarga-contrabandista/memories/mem-1786005565450-6c1e4398.md — quem gravar por último apaga o outro
   - costa-de-ferro/porto-negro/praca-do-mercado/sarga-contrabandista/memories/mem-1786005696149-446f9370.md: id duplicado: o mesmo id em costa-de-ferro/porto-negro/sarga-contrabandista/memories/mem-1786005696149-446f9370.md — quem gravar por último apaga o outro
   - costa-de-ferro/porto-negro/sarga-contrabandista/memories/mem-1786005696149-446f9370.md: id duplicado: o mesmo id em costa-de-ferro/porto-negro/praca-do-mercado/sarga-contrabandista/memories/mem-1786005696149-446f9370.md — quem gravar por último apaga o outro
   - costa-de-ferro/porto-negro/praca-do-mercado/sarga-contrabandista/memories/mem-1786005820833-1dcaea45.md: id duplicado: o mesmo id em costa-de-ferro/porto-negro/sarga-contrabandista/memories/mem-1786005820833-1dcaea45.md — quem gravar por último apaga o outro
   - costa-de-ferro/porto-negro/sarga-contrabandista/memories/mem-1786005820833-1dcaea45.md: id duplicado: o mesmo id em costa-de-ferro/porto-negro/praca-do-mercado/sarga-contrabandista/memories/mem-1786005820833-1dcaea45.md — quem gravar por último apaga o outro
   - costa-de-ferro/porto-negro/praca-do-mercado/sarga-contrabandista/memories/mem-1786005947790-42b1df7e.md: id duplicado: o mesmo id em costa-de-ferro/porto-negro/sarga-contrabandista/memories/mem-1786005947790-42b1df7e.md — quem gravar por último apaga o outro
   - costa-de-ferro/porto-negro/sarga-contrabandista/memories/mem-1786005947790-42b1df7e.md: id duplicado: o mesmo id em costa-de-ferro/porto-negro/praca-do-mercado/sarga-contrabandista/memories/mem-1786005947790-42b1df7e.md — quem gravar por último apaga o outro
   - costa-de-ferro/porto-negro/bramm-estivador-mor/memories/mem-1786005958021-ad95cb1f.md: id duplicado: o mesmo id em costa-de-ferro/porto-negro/praca-do-mercado/bramm-estivador-mor/memories/mem-1786005958021-ad95cb1f.md — quem gravar por último apaga o outro
   - costa-de-ferro/porto-negro/praca-do-mercado/bramm-estivador-mor/memories/mem-1786005958021-ad95cb1f.md: id duplicado: o mesmo id em costa-de-ferro/porto-negro/bramm-estivador-mor/memories/mem-1786005958021-ad95cb1f.md — quem gravar por último apaga o outro
   - costa-de-ferro/porto-negro/praca-do-mercado/coppo-rato-de-cais/memories/mem-1786006081128-0c1b2cd7.md: id duplicado: o mesmo id em costa-de-ferro/porto-negro/taverna-do-gancho/coppo-rato-de-cais/memories/mem-1786006081128-0c1b2cd7.md — quem gravar por último apaga o outro
   - costa-de-ferro/porto-negro/taverna-do-gancho/coppo-rato-de-cais/memories/mem-1786006081128-0c1b2cd7.md: id duplicado: o mesmo id em costa-de-ferro/porto-negro/praca-do-mercado/coppo-rato-de-cais/memories/mem-1786006081128-0c1b2cd7.md — quem gravar por último apaga o outro
   - costa-de-ferro/porto-negro/praca-do-mercado/doncel-bebado/memories/mem-1786006081132-dbbcc4a8.md: id duplicado: o mesmo id em costa-de-ferro/porto-negro/taverna-do-gancho/doncel-bebado/memories/mem-1786006081132-dbbcc4a8.md — quem gravar por último apaga o outro
   - costa-de-ferro/porto-negro/taverna-do-gancho/doncel-bebado/memories/mem-1786006081132-dbbcc4a8.md: id duplicado: o mesmo id em costa-de-ferro/porto-negro/praca-do-mercado/doncel-bebado/memories/mem-1786006081132-dbbcc4a8.md — quem gravar por último apaga o outro
   - costa-de-ferro/porto-negro/praca-do-mercado/sarga-contrabandista/memories/mem-1786006219422-c92e75d3.md: id duplicado: o mesmo id em costa-de-ferro/porto-negro/sarga-contrabandista/memories/mem-1786006219422-c92e75d3.md — quem gravar por último apaga o outro
   - costa-de-ferro/porto-negro/sarga-contrabandista/memories/mem-1786006219422-c92e75d3.md: id duplicado: o mesmo id em costa-de-ferro/porto-negro/praca-do-mercado/sarga-contrabandista/memories/mem-1786006219422-c92e75d3.md — quem gravar por último apaga o outro
   - costa-de-ferro/porto-negro/praca-do-mercado/sarga-contrabandista/memories/mem-1786006446266-a194dc63.md: id duplicado: o mesmo id em costa-de-ferro/porto-negro/sarga-contrabandista/memories/mem-1786006446266-a194dc63.md — quem gravar por último apaga o outro
   - costa-de-ferro/porto-negro/sarga-contrabandista/memories/mem-1786006446266-a194dc63.md: id duplicado: o mesmo id em costa-de-ferro/porto-negro/praca-do-mercado/sarga-contrabandista/memories/mem-1786006446266-a194dc63.md — quem gravar por último apaga o outro
   - costa-de-ferro/porto-negro/praca-do-mercado/sarga-contrabandista/memories/mem-1786006576558-e0daeaf0.md: id duplicado: o mesmo id em costa-de-ferro/porto-negro/sarga-contrabandista/memories/mem-1786006576558-e0daeaf0.md — quem gravar por último apaga o outro
   - costa-de-ferro/porto-negro/sarga-contrabandista/memories/mem-1786006576558-e0daeaf0.md: id duplicado: o mesmo id em costa-de-ferro/porto-negro/praca-do-mercado/sarga-contrabandista/memories/mem-1786006576558-e0daeaf0.md — quem gravar por último apaga o outro
   - costa-de-ferro/porto-negro/praca-do-mercado/sarga-contrabandista/memories/mem-1786006698162-cfc15318.md: id duplicado: o mesmo id em costa-de-ferro/porto-negro/sarga-contrabandista/memories/mem-1786006698162-cfc15318.md — quem gravar por último apaga o outro
   - costa-de-ferro/porto-negro/sarga-contrabandista/memories/mem-1786006698162-cfc15318.md: id duplicado: o mesmo id em costa-de-ferro/porto-negro/praca-do-mercado/sarga-contrabandista/memories/mem-1786006698162-cfc15318.md — quem gravar por último apaga o outro
   - costa-de-ferro/porto-negro/praca-do-mercado/sarga-contrabandista/memories/mem-1786006832388-5dc39464.md: id duplicado: o mesmo id em costa-de-ferro/porto-negro/sarga-contrabandista/memories/mem-1786006832388-5dc39464.md — quem gravar por último apaga o outro
   - costa-de-ferro/porto-negro/sarga-contrabandista/memories/mem-1786006832388-5dc39464.md: id duplicado: o mesmo id em costa-de-ferro/porto-negro/praca-do-mercado/sarga-contrabandista/memories/mem-1786006832388-5dc39464.md — quem gravar por último apaga o outro
   - costa-de-ferro/porto-negro/praca-do-mercado/sarga-contrabandista/memories/mem-1786006949652-f087a7ab.md: id duplicado: o mesmo id em costa-de-ferro/porto-negro/sarga-contrabandista/memories/mem-1786006949652-f087a7ab.md — quem gravar por último apaga o outro
   - costa-de-ferro/porto-negro/sarga-contrabandista/memories/mem-1786006949652-f087a7ab.md: id duplicado: o mesmo id em costa-de-ferro/porto-negro/praca-do-mercado/sarga-contrabandista/memories/mem-1786006949652-f087a7ab.md — quem gravar por último apaga o outro
   - costa-de-ferro/porto-negro/praca-do-mercado/sarga-contrabandista/memories/mem-1786007179108-ce676a7f.md: id duplicado: o mesmo id em costa-de-ferro/porto-negro/sarga-contrabandista/memories/mem-1786007179108-ce676a7f.md — quem gravar por último apaga o outro
   - costa-de-ferro/porto-negro/sarga-contrabandista/memories/mem-1786007179108-ce676a7f.md: id duplicado: o mesmo id em costa-de-ferro/porto-negro/praca-do-mercado/sarga-contrabandista/memories/mem-1786007179108-ce676a7f.md — quem gravar por último apaga o outro
   - costa-de-ferro/porto-negro/praca-do-mercado/sarga-contrabandista/memories/mem-1786007308536-d3127917.md: id duplicado: o mesmo id em costa-de-ferro/porto-negro/sarga-contrabandista/memories/mem-1786007308536-d3127917.md — quem gravar por último apaga o outro
   - costa-de-ferro/porto-negro/sarga-contrabandista/memories/mem-1786007308536-d3127917.md: id duplicado: o mesmo id em costa-de-ferro/porto-negro/praca-do-mercado/sarga-contrabandista/memories/mem-1786007308536-d3127917.md — quem gravar por último apaga o outro
   - costa-de-ferro/porto-negro/bramm-estivador-mor/memories/mem-1786007451637-49110ec8.md: id duplicado: o mesmo id em costa-de-ferro/porto-negro/praca-do-mercado/bramm-estivador-mor/memories/mem-1786007451637-49110ec8.md — quem gravar por último apaga o outro
   - costa-de-ferro/porto-negro/praca-do-mercado/bramm-estivador-mor/memories/mem-1786007451637-49110ec8.md: id duplicado: o mesmo id em costa-de-ferro/porto-negro/bramm-estivador-mor/memories/mem-1786007451637-49110ec8.md — quem gravar por último apaga o outro
   - costa-de-ferro/porto-negro/praca-do-mercado/sarga-contrabandista/memories/mem-1786007451677-3aae1674.md: id duplicado: o mesmo id em costa-de-ferro/porto-negro/sarga-contrabandista/memories/mem-1786007451677-3aae1674.md — quem gravar por último apaga o outro
   - costa-de-ferro/porto-negro/sarga-contrabandista/memories/mem-1786007451677-3aae1674.md: id duplicado: o mesmo id em costa-de-ferro/porto-negro/praca-do-mercado/sarga-contrabandista/memories/mem-1786007451677-3aae1674.md — quem gravar por último apaga o outro
   - costa-de-ferro/porto-negro/praca-do-mercado/sarga-contrabandista/memories/mem-1786007594284-f463a1fc.md: id duplicado: o mesmo id em costa-de-ferro/porto-negro/sarga-contrabandista/memories/mem-1786007594284-f463a1fc.md — quem gravar por último apaga o outro
   - costa-de-ferro/porto-negro/sarga-contrabandista/memories/mem-1786007594284-f463a1fc.md: id duplicado: o mesmo id em costa-de-ferro/porto-negro/praca-do-mercado/sarga-contrabandista/memories/mem-1786007594284-f463a1fc.md — quem gravar por último apaga o outro
   - costa-de-ferro/porto-negro/praca-do-mercado/sarga-contrabandista/memories/mem-1786007603726-c8a76aa6.md: id duplicado: o mesmo id em costa-de-ferro/porto-negro/sarga-contrabandista/memories/mem-1786007603726-c8a76aa6.md — quem gravar por último apaga o outro
   - costa-de-ferro/porto-negro/sarga-contrabandista/memories/mem-1786007603726-c8a76aa6.md: id duplicado: o mesmo id em costa-de-ferro/porto-negro/praca-do-mercado/sarga-contrabandista/memories/mem-1786007603726-c8a76aa6.md — quem gravar por último apaga o outro
   - costa-de-ferro/porto-negro/praca-do-mercado/sarga-contrabandista/memories/mem-1786007759345-ae7262cb.md: id duplicado: o mesmo id em costa-de-ferro/porto-negro/sarga-contrabandista/memories/mem-1786007759345-ae7262cb.md — quem gravar por último apaga o outro
   - costa-de-ferro/porto-negro/sarga-contrabandista/memories/mem-1786007759345-ae7262cb.md: id duplicado: o mesmo id em costa-de-ferro/porto-negro/praca-do-mercado/sarga-contrabandista/memories/mem-1786007759345-ae7262cb.md — quem gravar por último apaga o outro
   - costa-de-ferro/porto-negro/praca-do-mercado/sarga-contrabandista/memories/mem-1786007922833-421f3e84.md: id duplicado: o mesmo id em costa-de-ferro/porto-negro/sarga-contrabandista/memories/mem-1786007922833-421f3e84.md — quem gravar por último apaga o outro
   - costa-de-ferro/porto-negro/sarga-contrabandista/memories/mem-1786007922833-421f3e84.md: id duplicado: o mesmo id em costa-de-ferro/porto-negro/praca-do-mercado/sarga-contrabandista/memories/mem-1786007922833-421f3e84.md — quem gravar por último apaga o outro
   - costa-de-ferro/porto-negro/praca-do-mercado/sarga-contrabandista/memories/mem-1786008151549-9966a1d6.md: id duplicado: o mesmo id em costa-de-ferro/porto-negro/sarga-contrabandista/memories/mem-1786008151549-9966a1d6.md — quem gravar por último apaga o outro
   - costa-de-ferro/porto-negro/sarga-contrabandista/memories/mem-1786008151549-9966a1d6.md: id duplicado: o mesmo id em costa-de-ferro/porto-negro/praca-do-mercado/sarga-contrabandista/memories/mem-1786008151549-9966a1d6.md — quem gravar por último apaga o outro
   - costa-de-ferro/porto-negro/praca-do-mercado/sarga-contrabandista/memories/mem-1786008270306-9f544355.md: id duplicado: o mesmo id em costa-de-ferro/porto-negro/sarga-contrabandista/memories/mem-1786008270306-9f544355.md — quem gravar por último apaga o outro
   - costa-de-ferro/porto-negro/sarga-contrabandista/memories/mem-1786008270306-9f544355.md: id duplicado: o mesmo id em costa-de-ferro/porto-negro/praca-do-mercado/sarga-contrabandista/memories/mem-1786008270306-9f544355.md — quem gravar por último apaga o outro
   - costa-de-ferro/porto-negro/praca-do-mercado/sarga-contrabandista/memories/mem-1786008393949-136657af.md: id duplicado: o mesmo id em costa-de-ferro/porto-negro/sarga-contrabandista/memories/mem-1786008393949-136657af.md — quem gravar por último apaga o outro
   - costa-de-ferro/porto-negro/sarga-contrabandista/memories/mem-1786008393949-136657af.md: id duplicado: o mesmo id em costa-de-ferro/porto-negro/praca-do-mercado/sarga-contrabandista/memories/mem-1786008393949-136657af.md — quem gravar por último apaga o outro
   - costa-de-ferro/porto-negro/praca-do-mercado/sarga-contrabandista/memories/mem-1786008643450-acb008f2.md: id duplicado: o mesmo id em costa-de-ferro/porto-negro/sarga-contrabandista/memories/mem-1786008643450-acb008f2.md — quem gravar por último apaga o outro
   - costa-de-ferro/porto-negro/sarga-contrabandista/memories/mem-1786008643450-acb008f2.md: id duplicado: o mesmo id em costa-de-ferro/porto-negro/praca-do-mercado/sarga-contrabandista/memories/mem-1786008643450-acb008f2.md — quem gravar por último apaga o outro
   - costa-de-ferro/porto-negro/bramm-estivador-mor/memories/mem-1786008643458-5a8babc4.md: id duplicado: o mesmo id em costa-de-ferro/porto-negro/praca-do-mercado/bramm-estivador-mor/memories/mem-1786008643458-5a8babc4.md — quem gravar por último apaga o outro
   - costa-de-ferro/porto-negro/praca-do-mercado/bramm-estivador-mor/memories/mem-1786008643458-5a8babc4.md: id duplicado: o mesmo id em costa-de-ferro/porto-negro/bramm-estivador-mor/memories/mem-1786008643458-5a8babc4.md — quem gravar por último apaga o outro
   - costa-de-ferro/porto-negro/praca-do-mercado/coppo-rato-de-cais/memories/mem-1786008643517-6d120936.md: id duplicado: o mesmo id em costa-de-ferro/porto-negro/taverna-do-gancho/coppo-rato-de-cais/memories/mem-1786008643517-6d120936.md — quem gravar por último apaga o outro
   - costa-de-ferro/porto-negro/taverna-do-gancho/coppo-rato-de-cais/memories/mem-1786008643517-6d120936.md: id duplicado: o mesmo id em costa-de-ferro/porto-negro/praca-do-mercado/coppo-rato-de-cais/memories/mem-1786008643517-6d120936.md — quem gravar por último apaga o outro
   - costa-de-ferro/porto-negro/cais-velho/hulda-estivadora/memories/mem-1786008643517-962a9c0a.md: id duplicado: o mesmo id em costa-de-ferro/porto-negro/praca-do-mercado/hulda-estivadora/memories/mem-1786008643517-962a9c0a.md — quem gravar por último apaga o outro
   - costa-de-ferro/porto-negro/praca-do-mercado/hulda-estivadora/memories/mem-1786008643517-962a9c0a.md: id duplicado: o mesmo id em costa-de-ferro/porto-negro/cais-velho/hulda-estivadora/memories/mem-1786008643517-962a9c0a.md — quem gravar por último apaga o outro
   - costa-de-ferro/porto-negro/praca-do-mercado/doncel-bebado/memories/mem-1786008643518-eaea4b20.md: id duplicado: o mesmo id em costa-de-ferro/porto-negro/taverna-do-gancho/doncel-bebado/memories/mem-1786008643518-eaea4b20.md — quem gravar por último apaga o outro
   - costa-de-ferro/porto-negro/taverna-do-gancho/doncel-bebado/memories/mem-1786008643518-eaea4b20.md: id duplicado: o mesmo id em costa-de-ferro/porto-negro/praca-do-mercado/doncel-bebado/memories/mem-1786008643518-eaea4b20.md — quem gravar por último apaga o outro
   - costa-de-ferro/porto-negro/praca-do-mercado/sarga-contrabandista/memories/mem-1786008764598-2b1ce386.md: id duplicado: o mesmo id em costa-de-ferro/porto-negro/sarga-contrabandista/memories/mem-1786008764598-2b1ce386.md — quem gravar por último apaga o outro
   - costa-de-ferro/porto-negro/sarga-contrabandista/memories/mem-1786008764598-2b1ce386.md: id duplicado: o mesmo id em costa-de-ferro/porto-negro/praca-do-mercado/sarga-contrabandista/memories/mem-1786008764598-2b1ce386.md — quem gravar por último apaga o outro
   - costa-de-ferro/porto-negro/praca-do-mercado/sarga-contrabandista/memories/mem-1786008884316-43a23b55.md: id duplicado: o mesmo id em costa-de-ferro/porto-negro/sarga-contrabandista/memories/mem-1786008884316-43a23b55.md — quem gravar por último apaga o outro
   - costa-de-ferro/porto-negro/sarga-contrabandista/memories/mem-1786008884316-43a23b55.md: id duplicado: o mesmo id em costa-de-ferro/porto-negro/praca-do-mercado/sarga-contrabandista/memories/mem-1786008884316-43a23b55.md — quem gravar por último apaga o outro
   - costa-de-ferro/porto-negro/cais-velho/hulda-estivadora/memories/mem-1786008884342-633f8dc4.md: id duplicado: o mesmo id em costa-de-ferro/porto-negro/praca-do-mercado/hulda-estivadora/memories/mem-1786008884342-633f8dc4.md — quem gravar por último apaga o outro
   - costa-de-ferro/porto-negro/praca-do-mercado/hulda-estivadora/memories/mem-1786008884342-633f8dc4.md: id duplicado: o mesmo id em costa-de-ferro/porto-negro/cais-velho/hulda-estivadora/memories/mem-1786008884342-633f8dc4.md — quem gravar por último apaga o outro
   - costa-de-ferro/porto-negro/praca-do-mercado/coppo-rato-de-cais/memories/mem-1786008884351-160eecd9.md: id duplicado: o mesmo id em costa-de-ferro/porto-negro/taverna-do-gancho/coppo-rato-de-cais/memories/mem-1786008884351-160eecd9.md — quem gravar por último apaga o outro
   - costa-de-ferro/porto-negro/taverna-do-gancho/coppo-rato-de-cais/memories/mem-1786008884351-160eecd9.md: id duplicado: o mesmo id em costa-de-ferro/porto-negro/praca-do-mercado/coppo-rato-de-cais/memories/mem-1786008884351-160eecd9.md — quem gravar por último apaga o outro
   - costa-de-ferro/porto-negro/praca-do-mercado/sarga-contrabandista/memories/mem-1786008884368-73afc090.md: id duplicado: o mesmo id em costa-de-ferro/porto-negro/sarga-contrabandista/memories/mem-1786008884368-73afc090.md — quem gravar por último apaga o outro
   - costa-de-ferro/porto-negro/sarga-contrabandista/memories/mem-1786008884368-73afc090.md: id duplicado: o mesmo id em costa-de-ferro/porto-negro/praca-do-mercado/sarga-contrabandista/memories/mem-1786008884368-73afc090.md — quem gravar por último apaga o outro
   - costa-de-ferro/porto-negro/praca-do-mercado/sarga-contrabandista/memories/mem-1786008976802-883b9d45.md: id duplicado: o mesmo id em costa-de-ferro/porto-negro/sarga-contrabandista/memories/mem-1786008976802-883b9d45.md — quem gravar por último apaga o outro
   - costa-de-ferro/porto-negro/sarga-contrabandista/memories/mem-1786008976802-883b9d45.md: id duplicado: o mesmo id em costa-de-ferro/porto-negro/praca-do-mercado/sarga-contrabandista/memories/mem-1786008976802-883b9d45.md — quem gravar por último apaga o outro
   - costa-de-ferro/porto-negro/praca-do-mercado/sarga-contrabandista/memories/mem-1786009069776-d7e7108e.md: id duplicado: o mesmo id em costa-de-ferro/porto-negro/sarga-contrabandista/memories/mem-1786009069776-d7e7108e.md — quem gravar por último apaga o outro
   - costa-de-ferro/porto-negro/sarga-contrabandista/memories/mem-1786009069776-d7e7108e.md: id duplicado: o mesmo id em costa-de-ferro/porto-negro/praca-do-mercado/sarga-contrabandista/memories/mem-1786009069776-d7e7108e.md — quem gravar por último apaga o outro
   - costa-de-ferro/porto-negro/praca-do-mercado/sarga-contrabandista/memories/mem-1786009166399-742851af.md: id duplicado: o mesmo id em costa-de-ferro/porto-negro/sarga-contrabandista/memories/mem-1786009166399-742851af.md — quem gravar por último apaga o outro
   - costa-de-ferro/porto-negro/sarga-contrabandista/memories/mem-1786009166399-742851af.md: id duplicado: o mesmo id em costa-de-ferro/porto-negro/praca-do-mercado/sarga-contrabandista/memories/mem-1786009166399-742851af.md — quem gravar por último apaga o outro
   - costa-de-ferro/porto-negro/praca-do-mercado/sarga-contrabandista/memories/mem-1786009379347-f6e8d1a5.md: id duplicado: o mesmo id em costa-de-ferro/porto-negro/sarga-contrabandista/memories/mem-1786009379347-f6e8d1a5.md — quem gravar por último apaga o outro
   - costa-de-ferro/porto-negro/sarga-contrabandista/memories/mem-1786009379347-f6e8d1a5.md: id duplicado: o mesmo id em costa-de-ferro/porto-negro/praca-do-mercado/sarga-contrabandista/memories/mem-1786009379347-f6e8d1a5.md — quem gravar por último apaga o outro
   - costa-de-ferro/porto-negro/praca-do-mercado/sarga-contrabandista/memories/mem-1786009501264-5b7a7abb.md: id duplicado: o mesmo id em costa-de-ferro/porto-negro/sarga-contrabandista/memories/mem-1786009501264-5b7a7abb.md — quem gravar por último apaga o outro
   - costa-de-ferro/porto-negro/sarga-contrabandista/memories/mem-1786009501264-5b7a7abb.md: id duplicado: o mesmo id em costa-de-ferro/porto-negro/praca-do-mercado/sarga-contrabandista/memories/mem-1786009501264-5b7a7abb.md — quem gravar por último apaga o outro
   - costa-de-ferro/porto-negro/praca-do-mercado/sarga-contrabandista/memories/mem-1786009705712-7da1ab3c.md: id duplicado: o mesmo id em costa-de-ferro/porto-negro/sarga-contrabandista/memories/mem-1786009705712-7da1ab3c.md — quem gravar por último apaga o outro
   - costa-de-ferro/porto-negro/sarga-contrabandista/memories/mem-1786009705712-7da1ab3c.md: id duplicado: o mesmo id em costa-de-ferro/porto-negro/praca-do-mercado/sarga-contrabandista/memories/mem-1786009705712-7da1ab3c.md — quem gravar por último apaga o outro
   - costa-de-ferro/porto-negro/praca-do-mercado/sarga-contrabandista/memories/mem-1786009809758-431cb2fc.md: id duplicado: o mesmo id em costa-de-ferro/porto-negro/sarga-contrabandista/memories/mem-1786009809758-431cb2fc.md — quem gravar por último apaga o outro
   - costa-de-ferro/porto-negro/sarga-contrabandista/memories/mem-1786009809758-431cb2fc.md: id duplicado: o mesmo id em costa-de-ferro/porto-negro/praca-do-mercado/sarga-contrabandista/memories/mem-1786009809758-431cb2fc.md — quem gravar por último apaga o outro
   - costa-de-ferro/porto-negro/praca-do-mercado/sarga-contrabandista/memories/mem-1786009809776-744396d5.md: id duplicado: o mesmo id em costa-de-ferro/porto-negro/sarga-contrabandista/memories/mem-1786009809776-744396d5.md — quem gravar por último apaga o outro
   - costa-de-ferro/porto-negro/sarga-contrabandista/memories/mem-1786009809776-744396d5.md: id duplicado: o mesmo id em costa-de-ferro/porto-negro/praca-do-mercado/sarga-contrabandista/memories/mem-1786009809776-744396d5.md — quem gravar por último apaga o outro
   - costa-de-ferro/porto-negro/praca-do-mercado/sarga-contrabandista/memories/mem-1786009809778-bfe6107d.md: id duplicado: o mesmo id em costa-de-ferro/porto-negro/sarga-contrabandista/memories/mem-1786009809778-bfe6107d.md — quem gravar por último apaga o outro
   - costa-de-ferro/porto-negro/sarga-contrabandista/memories/mem-1786009809778-bfe6107d.md: id duplicado: o mesmo id em costa-de-ferro/porto-negro/praca-do-mercado/sarga-contrabandista/memories/mem-1786009809778-bfe6107d.md — quem gravar por último apaga o outro
   - costa-de-ferro/porto-negro/praca-do-mercado/sarga-contrabandista/memories/mem-1786009901207-433a5d26.md: id duplicado: o mesmo id em costa-de-ferro/porto-negro/sarga-contrabandista/memories/mem-1786009901207-433a5d26.md — quem gravar por último apaga o outro
   - costa-de-ferro/porto-negro/sarga-contrabandista/memories/mem-1786009901207-433a5d26.md: id duplicado: o mesmo id em costa-de-ferro/porto-negro/praca-do-mercado/sarga-contrabandista/memories/mem-1786009901207-433a5d26.md — quem gravar por último apaga o outro
   - costa-de-ferro/porto-negro/praca-do-mercado/sarga-contrabandista/memories/mem-1786009901218-83b3c375.md: id duplicado: o mesmo id em costa-de-ferro/porto-negro/sarga-contrabandista/memories/mem-1786009901218-83b3c375.md — quem gravar por último apaga o outro
   - costa-de-ferro/porto-negro/sarga-contrabandista/memories/mem-1786009901218-83b3c375.md: id duplicado: o mesmo id em costa-de-ferro/porto-negro/praca-do-mercado/sarga-contrabandista/memories/mem-1786009901218-83b3c375.md — quem gravar por último apaga o outro
   - costa-de-ferro/porto-negro/praca-do-mercado/sarga-contrabandista/memories/mem-1786009999640-57a0b5a8.md: id duplicado: o mesmo id em costa-de-ferro/porto-negro/sarga-contrabandista/memories/mem-1786009999640-57a0b5a8.md — quem gravar por último apaga o outro
   - costa-de-ferro/porto-negro/sarga-contrabandista/memories/mem-1786009999640-57a0b5a8.md: id duplicado: o mesmo id em costa-de-ferro/porto-negro/praca-do-mercado/sarga-contrabandista/memories/mem-1786009999640-57a0b5a8.md — quem gravar por último apaga o outro
   - costa-de-ferro/porto-negro/praca-do-mercado/sarga-contrabandista/memories/mem-1786010099785-9de5bc71.md: id duplicado: o mesmo id em costa-de-ferro/porto-negro/sarga-contrabandista/memories/mem-1786010099785-9de5bc71.md — quem gravar por último apaga o outro
   - costa-de-ferro/porto-negro/sarga-contrabandista/memories/mem-1786010099785-9de5bc71.md: id duplicado: o mesmo id em costa-de-ferro/porto-negro/praca-do-mercado/sarga-contrabandista/memories/mem-1786010099785-9de5bc71.md — quem gravar por último apaga o outro
   - costa-de-ferro/porto-negro/praca-do-mercado/sarga-contrabandista/memories/mem-1786010214226-e7a21d3c.md: id duplicado: o mesmo id em costa-de-ferro/porto-negro/sarga-contrabandista/memories/mem-1786010214226-e7a21d3c.md — quem gravar por último apaga o outro
   - costa-de-ferro/porto-negro/sarga-contrabandista/memories/mem-1786010214226-e7a21d3c.md: id duplicado: o mesmo id em costa-de-ferro/porto-negro/praca-do-mercado/sarga-contrabandista/memories/mem-1786010214226-e7a21d3c.md — quem gravar por último apaga o outro
   - costa-de-ferro/porto-negro/praca-do-mercado/sarga-contrabandista/memories/mem-1786010320706-bb840883.md: id duplicado: o mesmo id em costa-de-ferro/porto-negro/sarga-contrabandista/memories/mem-1786010320706-bb840883.md — quem gravar por último apaga o outro
   - costa-de-ferro/porto-negro/sarga-contrabandista/memories/mem-1786010320706-bb840883.md: id duplicado: o mesmo id em costa-de-ferro/porto-negro/praca-do-mercado/sarga-contrabandista/memories/mem-1786010320706-bb840883.md — quem gravar por último apaga o outro
   - costa-de-ferro/porto-negro/praca-do-mercado/sarga-contrabandista/memories/mem-1786010425514-7bc7599c.md: id duplicado: o mesmo id em costa-de-ferro/porto-negro/sarga-contrabandista/memories/mem-1786010425514-7bc7599c.md — quem gravar por último apaga o outro
   - costa-de-ferro/porto-negro/sarga-contrabandista/memories/mem-1786010425514-7bc7599c.md: id duplicado: o mesmo id em costa-de-ferro/porto-negro/praca-do-mercado/sarga-contrabandista/memories/mem-1786010425514-7bc7599c.md — quem gravar por último apaga o outro
   - costa-de-ferro/porto-negro/praca-do-mercado/sarga-contrabandista/memories/mem-1786010614197-897cc730.md: id duplicado: o mesmo id em costa-de-ferro/porto-negro/sarga-contrabandista/memories/mem-1786010614197-897cc730.md — quem gravar por último apaga o outro
   - costa-de-ferro/porto-negro/sarga-contrabandista/memories/mem-1786010614197-897cc730.md: id duplicado: o mesmo id em costa-de-ferro/porto-negro/praca-do-mercado/sarga-contrabandista/memories/mem-1786010614197-897cc730.md — quem gravar por último apaga o outro
   - costa-de-ferro/porto-negro/praca-do-mercado/sarga-contrabandista/memories/mem-1786010741730-176b5fbc.md: id duplicado: o mesmo id em costa-de-ferro/porto-negro/sarga-contrabandista/memories/mem-1786010741730-176b5fbc.md — quem gravar por último apaga o outro
   - costa-de-ferro/porto-negro/sarga-contrabandista/memories/mem-1786010741730-176b5fbc.md: id duplicado: o mesmo id em costa-de-ferro/porto-negro/praca-do-mercado/sarga-contrabandista/memories/mem-1786010741730-176b5fbc.md — quem gravar por último apaga o outro
   - costa-de-ferro/porto-negro/praca-do-mercado/sarga-contrabandista/memories/mem-1786010950264-73ae9146.md: id duplicado: o mesmo id em costa-de-ferro/porto-negro/sarga-contrabandista/memories/mem-1786010950264-73ae9146.md — quem gravar por último apaga o outro
   - costa-de-ferro/porto-negro/sarga-contrabandista/memories/mem-1786010950264-73ae9146.md: id duplicado: o mesmo id em costa-de-ferro/porto-negro/praca-do-mercado/sarga-contrabandista/memories/mem-1786010950264-73ae9146.md — quem gravar por último apaga o outro
   - costa-de-ferro/porto-negro/praca-do-mercado/sarga-contrabandista/memories/mem-1786011040713-8a3e42b7.md: id duplicado: o mesmo id em costa-de-ferro/porto-negro/sarga-contrabandista/memories/mem-1786011040713-8a3e42b7.md — quem gravar por último apaga o outro
   - costa-de-ferro/porto-negro/sarga-contrabandista/memories/mem-1786011040713-8a3e42b7.md: id duplicado: o mesmo id em costa-de-ferro/porto-negro/praca-do-mercado/sarga-contrabandista/memories/mem-1786011040713-8a3e42b7.md — quem gravar por último apaga o outro
   - costa-de-ferro/porto-negro/praca-do-mercado/sarga-contrabandista/memories/mem-1786011141392-1637fa76.md: id duplicado: o mesmo id em costa-de-ferro/porto-negro/sarga-contrabandista/memories/mem-1786011141392-1637fa76.md — quem gravar por último apaga o outro
   - costa-de-ferro/porto-negro/sarga-contrabandista/memories/mem-1786011141392-1637fa76.md: id duplicado: o mesmo id em costa-de-ferro/porto-negro/praca-do-mercado/sarga-contrabandista/memories/mem-1786011141392-1637fa76.md — quem gravar por último apaga o outro
   - costa-de-ferro/porto-negro/praca-do-mercado/sarga-contrabandista/memories/mem-1786011248905-c3505c23.md: id duplicado: o mesmo id em costa-de-ferro/porto-negro/sarga-contrabandista/memories/mem-1786011248905-c3505c23.md — quem gravar por último apaga o outro
   - costa-de-ferro/porto-negro/sarga-contrabandista/memories/mem-1786011248905-c3505c23.md: id duplicado: o mesmo id em costa-de-ferro/porto-negro/praca-do-mercado/sarga-contrabandista/memories/mem-1786011248905-c3505c23.md — quem gravar por último apaga o outro
   - costa-de-ferro/porto-negro/praca-do-mercado/sarga-contrabandista/memories/mem-1786011351904-8c63b197.md: id duplicado: o mesmo id em costa-de-ferro/porto-negro/sarga-contrabandista/memories/mem-1786011351904-8c63b197.md — quem gravar por último apaga o outro
   - costa-de-ferro/porto-negro/sarga-contrabandista/memories/mem-1786011351904-8c63b197.md: id duplicado: o mesmo id em costa-de-ferro/porto-negro/praca-do-mercado/sarga-contrabandista/memories/mem-1786011351904-8c63b197.md — quem gravar por último apaga o outro
   - costa-de-ferro/porto-negro/praca-do-mercado/sarga-contrabandista/memories/mem-1786011446074-972ed689.md: id duplicado: o mesmo id em costa-de-ferro/porto-negro/sarga-contrabandista/memories/mem-1786011446074-972ed689.md — quem gravar por último apaga o outro
   - costa-de-ferro/porto-negro/sarga-contrabandista/memories/mem-1786011446074-972ed689.md: id duplicado: o mesmo id em costa-de-ferro/porto-negro/praca-do-mercado/sarga-contrabandista/memories/mem-1786011446074-972ed689.md — quem gravar por último apaga o outro
   - costa-de-ferro/porto-negro/praca-do-mercado/sarga-contrabandista/memories/mem-1786011446077-b67881ee.md: id duplicado: o mesmo id em costa-de-ferro/porto-negro/sarga-contrabandista/memories/mem-1786011446077-b67881ee.md — quem gravar por último apaga o outro
   - costa-de-ferro/porto-negro/sarga-contrabandista/memories/mem-1786011446077-b67881ee.md: id duplicado: o mesmo id em costa-de-ferro/porto-negro/praca-do-mercado/sarga-contrabandista/memories/mem-1786011446077-b67881ee.md — quem gravar por último apaga o outro
   - costa-de-ferro/porto-negro/praca-do-mercado/sarga-contrabandista/memories/mem-1786011562640-0bf54e06.md: id duplicado: o mesmo id em costa-de-ferro/porto-negro/sarga-contrabandista/memories/mem-1786011562640-0bf54e06.md — quem gravar por último apaga o outro
   - costa-de-ferro/porto-negro/sarga-contrabandista/memories/mem-1786011562640-0bf54e06.md: id duplicado: o mesmo id em costa-de-ferro/porto-negro/praca-do-mercado/sarga-contrabandista/memories/mem-1786011562640-0bf54e06.md — quem gravar por último apaga o outro
   - costa-de-ferro/porto-negro/praca-do-mercado/sarga-contrabandista/memories/mem-1786011730861-9488be42.md: id duplicado: o mesmo id em costa-de-ferro/porto-negro/sarga-contrabandista/memories/mem-1786011730861-9488be42.md — quem gravar por último apaga o outro
   - costa-de-ferro/porto-negro/sarga-contrabandista/memories/mem-1786011730861-9488be42.md: id duplicado: o mesmo id em costa-de-ferro/porto-negro/praca-do-mercado/sarga-contrabandista/memories/mem-1786011730861-9488be42.md — quem gravar por último apaga o outro
   - costa-de-ferro/porto-negro/praca-do-mercado/sarga-contrabandista/memories/mem-1786011766641-e5ecd580.md: id duplicado: o mesmo id em costa-de-ferro/porto-negro/sarga-contrabandista/memories/mem-1786011766641-e5ecd580.md — quem gravar por último apaga o outro
   - costa-de-ferro/porto-negro/sarga-contrabandista/memories/mem-1786011766641-e5ecd580.md: id duplicado: o mesmo id em costa-de-ferro/porto-negro/praca-do-mercado/sarga-contrabandista/memories/mem-1786011766641-e5ecd580.md — quem gravar por último apaga o outro
   - costa-de-ferro/porto-negro/praca-do-mercado/sarga-contrabandista/memories/mem-1786011962475-bf41d6c7.md: id duplicado: o mesmo id em costa-de-ferro/porto-negro/sarga-contrabandista/memories/mem-1786011962475-bf41d6c7.md — quem gravar por último apaga o outro
   - costa-de-ferro/porto-negro/sarga-contrabandista/memories/mem-1786011962475-bf41d6c7.md: id duplicado: o mesmo id em costa-de-ferro/porto-negro/praca-do-mercado/sarga-contrabandista/memories/mem-1786011962475-bf41d6c7.md — quem gravar por último apaga o outro
   - costa-de-ferro/porto-negro/praca-do-mercado/sarga-contrabandista/memories/mem-1786012070692-e972644a.md: id duplicado: o mesmo id em costa-de-ferro/porto-negro/sarga-contrabandista/memories/mem-1786012070692-e972644a.md — quem gravar por último apaga o outro
   - costa-de-ferro/porto-negro/sarga-contrabandista/memories/mem-1786012070692-e972644a.md: id duplicado: o mesmo id em costa-de-ferro/porto-negro/praca-do-mercado/sarga-contrabandista/memories/mem-1786012070692-e972644a.md — quem gravar por último apaga o outro
   - costa-de-ferro/porto-negro/praca-do-mercado/sarga-contrabandista/memories/mem-1786012270638-3aa0e0d7.md: id duplicado: o mesmo id em costa-de-ferro/porto-negro/sarga-contrabandista/memories/mem-1786012270638-3aa0e0d7.md — quem gravar por último apaga o outro
   - costa-de-ferro/porto-negro/sarga-contrabandista/memories/mem-1786012270638-3aa0e0d7.md: id duplicado: o mesmo id em costa-de-ferro/porto-negro/praca-do-mercado/sarga-contrabandista/memories/mem-1786012270638-3aa0e0d7.md — quem gravar por último apaga o outro
   - costa-de-ferro/porto-negro/praca-do-mercado/sarga-contrabandista/memories/mem-1786012371511-17bdd305.md: id duplicado: o mesmo id em costa-de-ferro/porto-negro/sarga-contrabandista/memories/mem-1786012371511-17bdd305.md — quem gravar por último apaga o outro
   - costa-de-ferro/porto-negro/sarga-contrabandista/memories/mem-1786012371511-17bdd305.md: id duplicado: o mesmo id em costa-de-ferro/porto-negro/praca-do-mercado/sarga-contrabandista/memories/mem-1786012371511-17bdd305.md — quem gravar por último apaga o outro
   - costa-de-ferro/porto-negro/praca-do-mercado/sarga-contrabandista/memories/mem-1786012644068-e813d4df.md: id duplicado: o mesmo id em costa-de-ferro/porto-negro/sarga-contrabandista/memories/mem-1786012644068-e813d4df.md — quem gravar por último apaga o outro
   - costa-de-ferro/porto-negro/sarga-contrabandista/memories/mem-1786012644068-e813d4df.md: id duplicado: o mesmo id em costa-de-ferro/porto-negro/praca-do-mercado/sarga-contrabandista/memories/mem-1786012644068-e813d4df.md — quem gravar por último apaga o outro
   - costa-de-ferro/porto-negro/praca-do-mercado/sarga-contrabandista/memories/mem-1786012846848-3905d428.md: id duplicado: o mesmo id em costa-de-ferro/porto-negro/sarga-contrabandista/memories/mem-1786012846848-3905d428.md — quem gravar por último apaga o outro
   - costa-de-ferro/porto-negro/sarga-contrabandista/memories/mem-1786012846848-3905d428.md: id duplicado: o mesmo id em costa-de-ferro/porto-negro/praca-do-mercado/sarga-contrabandista/memories/mem-1786012846848-3905d428.md — quem gravar por último apaga o outro
   - costa-de-ferro/porto-negro/praca-do-mercado/sarga-contrabandista/memories/mem-1786012961029-8d823c9c.md: id duplicado: o mesmo id em costa-de-ferro/porto-negro/sarga-contrabandista/memories/mem-1786012961029-8d823c9c.md — quem gravar por último apaga o outro
   - costa-de-ferro/porto-negro/sarga-contrabandista/memories/mem-1786012961029-8d823c9c.md: id duplicado: o mesmo id em costa-de-ferro/porto-negro/praca-do-mercado/sarga-contrabandista/memories/mem-1786012961029-8d823c9c.md — quem gravar por último apaga o outro
   - costa-de-ferro/porto-negro/praca-do-mercado/sarga-contrabandista/memories/mem-1786013174966-2d9a6add.md: id duplicado: o mesmo id em costa-de-ferro/porto-negro/sarga-contrabandista/memories/mem-1786013174966-2d9a6add.md — quem gravar por último apaga o outro
   - costa-de-ferro/porto-negro/sarga-contrabandista/memories/mem-1786013174966-2d9a6add.md: id duplicado: o mesmo id em costa-de-ferro/porto-negro/praca-do-mercado/sarga-contrabandista/memories/mem-1786013174966-2d9a6add.md — quem gravar por último apaga o outro
   - costa-de-ferro/porto-negro/praca-do-mercado/sarga-contrabandista/memories/mem-1786013280056-c4de43ff.md: id duplicado: o mesmo id em costa-de-ferro/porto-negro/sarga-contrabandista/memories/mem-1786013280056-c4de43ff.md — quem gravar por último apaga o outro
   - costa-de-ferro/porto-negro/sarga-contrabandista/memories/mem-1786013280056-c4de43ff.md: id duplicado: o mesmo id em costa-de-ferro/porto-negro/praca-do-mercado/sarga-contrabandista/memories/mem-1786013280056-c4de43ff.md — quem gravar por último apaga o outro
   - costa-de-ferro/porto-negro/praca-do-mercado/sarga-contrabandista/memories/mem-1786013404238-67aad221.md: id duplicado: o mesmo id em costa-de-ferro/porto-negro/sarga-contrabandista/memories/mem-1786013404238-67aad221.md — quem gravar por último apaga o outro
   - costa-de-ferro/porto-negro/sarga-contrabandista/memories/mem-1786013404238-67aad221.md: id duplicado: o mesmo id em costa-de-ferro/porto-negro/praca-do-mercado/sarga-contrabandista/memories/mem-1786013404238-67aad221.md — quem gravar por último apaga o outro
   - costa-de-ferro/porto-negro/praca-do-mercado/sarga-contrabandista/memories/mem-1786013404241-2932c5b5.md: id duplicado: o mesmo id em costa-de-ferro/porto-negro/sarga-contrabandista/memories/mem-1786013404241-2932c5b5.md — quem gravar por último apaga o outro
   - costa-de-ferro/porto-negro/sarga-contrabandista/memories/mem-1786013404241-2932c5b5.md: id duplicado: o mesmo id em costa-de-ferro/porto-negro/praca-do-mercado/sarga-contrabandista/memories/mem-1786013404241-2932c5b5.md — quem gravar por último apaga o outro
   - costa-de-ferro/porto-negro/praca-do-mercado/sarga-contrabandista/memories/mem-1786013502420-a5171c7d.md: id duplicado: o mesmo id em costa-de-ferro/porto-negro/sarga-contrabandista/memories/mem-1786013502420-a5171c7d.md — quem gravar por último apaga o outro
   - costa-de-ferro/porto-negro/sarga-contrabandista/memories/mem-1786013502420-a5171c7d.md: id duplicado: o mesmo id em costa-de-ferro/porto-negro/praca-do-mercado/sarga-contrabandista/memories/mem-1786013502420-a5171c7d.md — quem gravar por último apaga o outro
   - costa-de-ferro/porto-negro/praca-do-mercado/sarga-contrabandista/memories/mem-1786013502423-20fb1644.md: id duplicado: o mesmo id em costa-de-ferro/porto-negro/sarga-contrabandista/memories/mem-1786013502423-20fb1644.md — quem gravar por último apaga o outro
   - costa-de-ferro/porto-negro/sarga-contrabandista/memories/mem-1786013502423-20fb1644.md: id duplicado: o mesmo id em costa-de-ferro/porto-negro/praca-do-mercado/sarga-contrabandista/memories/mem-1786013502423-20fb1644.md — quem gravar por último apaga o outro
   - costa-de-ferro/porto-negro/praca-do-mercado/sarga-contrabandista/memories/mem-1786013616299-4791aa42.md: id duplicado: o mesmo id em costa-de-ferro/porto-negro/sarga-contrabandista/memories/mem-1786013616299-4791aa42.md — quem gravar por último apaga o outro
   - costa-de-ferro/porto-negro/sarga-contrabandista/memories/mem-1786013616299-4791aa42.md: id duplicado: o mesmo id em costa-de-ferro/porto-negro/praca-do-mercado/sarga-contrabandista/memories/mem-1786013616299-4791aa42.md — quem gravar por último apaga o outro
   - costa-de-ferro/porto-negro/praca-do-mercado/sarga-contrabandista/memories/mem-1786013710127-e766035c.md: id duplicado: o mesmo id em costa-de-ferro/porto-negro/sarga-contrabandista/memories/mem-1786013710127-e766035c.md — quem gravar por último apaga o outro
   - costa-de-ferro/porto-negro/sarga-contrabandista/memories/mem-1786013710127-e766035c.md: id duplicado: o mesmo id em costa-de-ferro/porto-negro/praca-do-mercado/sarga-contrabandista/memories/mem-1786013710127-e766035c.md — quem gravar por último apaga o outro
   - costa-de-ferro/porto-negro/cais-velho/hulda-estivadora/memories/mem-1786013727330-7aa59a25.md: id duplicado: o mesmo id em costa-de-ferro/porto-negro/praca-do-mercado/hulda-estivadora/memories/mem-1786013727330-7aa59a25.md — quem gravar por último apaga o outro
   - costa-de-ferro/porto-negro/praca-do-mercado/hulda-estivadora/memories/mem-1786013727330-7aa59a25.md: id duplicado: o mesmo id em costa-de-ferro/porto-negro/cais-velho/hulda-estivadora/memories/mem-1786013727330-7aa59a25.md — quem gravar por último apaga o outro
   - costa-de-ferro/porto-negro/praca-do-mercado/coppo-rato-de-cais/memories/mem-1786013727340-65d7f606.md: id duplicado: o mesmo id em costa-de-ferro/porto-negro/taverna-do-gancho/coppo-rato-de-cais/memories/mem-1786013727340-65d7f606.md — quem gravar por último apaga o outro
   - costa-de-ferro/porto-negro/taverna-do-gancho/coppo-rato-de-cais/memories/mem-1786013727340-65d7f606.md: id duplicado: o mesmo id em costa-de-ferro/porto-negro/praca-do-mercado/coppo-rato-de-cais/memories/mem-1786013727340-65d7f606.md — quem gravar por último apaga o outro
   - costa-de-ferro/porto-negro/praca-do-mercado/sarga-contrabandista/memories/mem-1786013850107-821fbee9.md: id duplicado: o mesmo id em costa-de-ferro/porto-negro/sarga-contrabandista/memories/mem-1786013850107-821fbee9.md — quem gravar por último apaga o outro
   - costa-de-ferro/porto-negro/sarga-contrabandista/memories/mem-1786013850107-821fbee9.md: id duplicado: o mesmo id em costa-de-ferro/porto-negro/praca-do-mercado/sarga-contrabandista/memories/mem-1786013850107-821fbee9.md — quem gravar por último apaga o outro
   - costa-de-ferro/porto-negro/praca-do-mercado/sarga-contrabandista/memories/mem-1786013982745-06507a35.md: id duplicado: o mesmo id em costa-de-ferro/porto-negro/sarga-contrabandista/memories/mem-1786013982745-06507a35.md — quem gravar por último apaga o outro
   - costa-de-ferro/porto-negro/sarga-contrabandista/memories/mem-1786013982745-06507a35.md: id duplicado: o mesmo id em costa-de-ferro/porto-negro/praca-do-mercado/sarga-contrabandista/memories/mem-1786013982745-06507a35.md — quem gravar por último apaga o outro
   - costa-de-ferro/porto-negro/cais-velho/hulda-estivadora/memories/mem-1786013982752-c7df757f.md: id duplicado: o mesmo id em costa-de-ferro/porto-negro/praca-do-mercado/hulda-estivadora/memories/mem-1786013982752-c7df757f.md — quem gravar por último apaga o outro
   - costa-de-ferro/porto-negro/praca-do-mercado/hulda-estivadora/memories/mem-1786013982752-c7df757f.md: id duplicado: o mesmo id em costa-de-ferro/porto-negro/cais-velho/hulda-estivadora/memories/mem-1786013982752-c7df757f.md — quem gravar por último apaga o outro
   - costa-de-ferro/porto-negro/praca-do-mercado/coppo-rato-de-cais/memories/mem-1786013982759-dc47a9d0.md: id duplicado: o mesmo id em costa-de-ferro/porto-negro/taverna-do-gancho/coppo-rato-de-cais/memories/mem-1786013982759-dc47a9d0.md — quem gravar por último apaga o outro
   - costa-de-ferro/porto-negro/taverna-do-gancho/coppo-rato-de-cais/memories/mem-1786013982759-dc47a9d0.md: id duplicado: o mesmo id em costa-de-ferro/porto-negro/praca-do-mercado/coppo-rato-de-cais/memories/mem-1786013982759-dc47a9d0.md — quem gravar por último apaga o outro
   - costa-de-ferro/porto-negro/praca-do-mercado/sarga-contrabandista/memories/mem-1786014248136-6ef7b182.md: id duplicado: o mesmo id em costa-de-ferro/porto-negro/sarga-contrabandista/memories/mem-1786014248136-6ef7b182.md — quem gravar por último apaga o outro
   - costa-de-ferro/porto-negro/sarga-contrabandista/memories/mem-1786014248136-6ef7b182.md: id duplicado: o mesmo id em costa-de-ferro/porto-negro/praca-do-mercado/sarga-contrabandista/memories/mem-1786014248136-6ef7b182.md — quem gravar por último apaga o outro
   - costa-de-ferro/porto-negro/praca-do-mercado/sarga-contrabandista/memories/mem-1786014267655-4b4d40b8.md: id duplicado: o mesmo id em costa-de-ferro/porto-negro/sarga-contrabandista/memories/mem-1786014267655-4b4d40b8.md — quem gravar por último apaga o outro
   - costa-de-ferro/porto-negro/sarga-contrabandista/memories/mem-1786014267655-4b4d40b8.md: id duplicado: o mesmo id em costa-de-ferro/porto-negro/praca-do-mercado/sarga-contrabandista/memories/mem-1786014267655-4b4d40b8.md — quem gravar por último apaga o outro
   - costa-de-ferro/porto-negro/praca-do-mercado/sarga-contrabandista/memories/mem-1786014531241-bbd4be5b.md: id duplicado: o mesmo id em costa-de-ferro/porto-negro/sarga-contrabandista/memories/mem-1786014531241-bbd4be5b.md — quem gravar por último apaga o outro
   - costa-de-ferro/porto-negro/sarga-contrabandista/memories/mem-1786014531241-bbd4be5b.md: id duplicado: o mesmo id em costa-de-ferro/porto-negro/praca-do-mercado/sarga-contrabandista/memories/mem-1786014531241-bbd4be5b.md — quem gravar por último apaga o outro
   - costa-de-ferro/porto-negro/cais-velho/hulda-estivadora/memories/mem-a-facada.md: id duplicado: o mesmo id em costa-de-ferro/porto-negro/praca-do-mercado/hulda-estivadora/memories/mem-a-facada.md — quem gravar por último apaga o outro
   - costa-de-ferro/porto-negro/praca-do-mercado/hulda-estivadora/memories/mem-a-facada.md: id duplicado: o mesmo id em costa-de-ferro/porto-negro/cais-velho/hulda-estivadora/memories/mem-a-facada.md — quem gravar por último apaga o outro
   - costa-de-ferro/porto-negro/forja-de-ferro/renn-trovador/memories/mem-bram-alaude.md: id duplicado: o mesmo id em costa-de-ferro/porto-negro/taverna-do-gancho/renn-trovador/memories/mem-bram-alaude.md — quem gravar por último apaga o outro
   - costa-de-ferro/porto-negro/taverna-do-gancho/renn-trovador/memories/mem-bram-alaude.md: id duplicado: o mesmo id em costa-de-ferro/porto-negro/forja-de-ferro/renn-trovador/memories/mem-bram-alaude.md — quem gravar por último apaga o outro
   - costa-de-ferro/porto-negro/forja-de-ferro/renn-trovador/memories/mem-bram-ouve.md: id duplicado: o mesmo id em costa-de-ferro/porto-negro/taverna-do-gancho/renn-trovador/memories/mem-bram-ouve.md — quem gravar por último apaga o outro
   - costa-de-ferro/porto-negro/taverna-do-gancho/renn-trovador/memories/mem-bram-ouve.md: id duplicado: o mesmo id em costa-de-ferro/porto-negro/forja-de-ferro/renn-trovador/memories/mem-bram-ouve.md — quem gravar por último apaga o outro
   - costa-de-ferro/porto-negro/praca-do-mercado/sarga-contrabandista/memories/mem-carga-roubada.md: id duplicado: o mesmo id em costa-de-ferro/porto-negro/sarga-contrabandista/memories/mem-carga-roubada.md — quem gravar por último apaga o outro
   - costa-de-ferro/porto-negro/sarga-contrabandista/memories/mem-carga-roubada.md: id duplicado: o mesmo id em costa-de-ferro/porto-negro/praca-do-mercado/sarga-contrabandista/memories/mem-carga-roubada.md — quem gravar por último apaga o outro
   - costa-de-ferro/porto-negro/forja-de-ferro/renn-trovador/memories/mem-carta-nao-entregue.md: id duplicado: o mesmo id em costa-de-ferro/porto-negro/taverna-do-gancho/renn-trovador/memories/mem-carta-nao-entregue.md — quem gravar por último apaga o outro
   - costa-de-ferro/porto-negro/taverna-do-gancho/renn-trovador/memories/mem-carta-nao-entregue.md: id duplicado: o mesmo id em costa-de-ferro/porto-negro/forja-de-ferro/renn-trovador/memories/mem-carta-nao-entregue.md — quem gravar por último apaga o outro
   - costa-de-ferro/porto-negro/taverna-do-gancho/bram-pescador/memories/mem-marido-da-taverneira.md: id duplicado: o mesmo id em costa-de-ferro/porto-negro/torre-da-vigilia/bram-pescador/memories/mem-marido-da-taverneira.md — quem gravar por último apaga o outro
   - costa-de-ferro/porto-negro/torre-da-vigilia/bram-pescador/memories/mem-marido-da-taverneira.md: id duplicado: o mesmo id em costa-de-ferro/porto-negro/taverna-do-gancho/bram-pescador/memories/mem-marido-da-taverneira.md — quem gravar por último apaga o outro
   - costa-de-ferro/porto-negro/taverna-do-gancho/elga-taverneira/memories/mem-marido-mar.md: id duplicado: o mesmo id em routes/rua-do-mercador/elga-taverneira/memories/mem-marido-mar.md — quem gravar por último apaga o outro
   - routes/rua-do-mercador/elga-taverneira/memories/mem-marido-mar.md: id duplicado: o mesmo id em costa-de-ferro/porto-negro/taverna-do-gancho/elga-taverneira/memories/mem-marido-mar.md — quem gravar por último apaga o outro
   - costa-de-ferro/porto-negro/praca-do-mercado/coppo-rato-de-cais/memories/mem-medo-da-sarga.md: id duplicado: o mesmo id em costa-de-ferro/porto-negro/taverna-do-gancho/coppo-rato-de-cais/memories/mem-medo-da-sarga.md — quem gravar por último apaga o outro
   - costa-de-ferro/porto-negro/taverna-do-gancho/coppo-rato-de-cais/memories/mem-medo-da-sarga.md: id duplicado: o mesmo id em costa-de-ferro/porto-negro/praca-do-mercado/coppo-rato-de-cais/memories/mem-medo-da-sarga.md — quem gravar por último apaga o outro
   - costa-de-ferro/porto-negro/boticario-da-raiz-torta/irmao-tobias/memories/mem-o-santuario.md: id duplicado: o mesmo id em costa-de-ferro/porto-negro/santuario-esquecido/irmao-tobias/memories/mem-o-santuario.md — quem gravar por último apaga o outro
   - costa-de-ferro/porto-negro/santuario-esquecido/irmao-tobias/memories/mem-o-santuario.md: id duplicado: o mesmo id em costa-de-ferro/porto-negro/boticario-da-raiz-torta/irmao-tobias/memories/mem-o-santuario.md — quem gravar por último apaga o outro
   - costa-de-ferro/porto-negro/forja-de-ferro/torvin-ferreiro/memories/mem-obadiah-briga.md: id duplicado: o mesmo id em costa-de-ferro/porto-negro/praca-do-mercado/torvin-ferreiro/memories/mem-obadiah-briga.md — quem gravar por último apaga o outro
   - costa-de-ferro/porto-negro/praca-do-mercado/torvin-ferreiro/memories/mem-obadiah-briga.md: id duplicado: o mesmo id em costa-de-ferro/porto-negro/forja-de-ferro/torvin-ferreiro/memories/mem-obadiah-briga.md — quem gravar por último apaga o outro
   - costa-de-ferro/porto-negro/forja-de-ferro/torvin-ferreiro/memories/mem-obadiah-enxada.md: id duplicado: o mesmo id em costa-de-ferro/porto-negro/praca-do-mercado/torvin-ferreiro/memories/mem-obadiah-enxada.md — quem gravar por último apaga o outro
   - costa-de-ferro/porto-negro/praca-do-mercado/torvin-ferreiro/memories/mem-obadiah-enxada.md: id duplicado: o mesmo id em costa-de-ferro/porto-negro/forja-de-ferro/torvin-ferreiro/memories/mem-obadiah-enxada.md — quem gravar por último apaga o outro
   - costa-de-ferro/porto-negro/forja-de-ferro/torvin-ferreiro/memories/mem-obadiah-riso.md: id duplicado: o mesmo id em costa-de-ferro/porto-negro/praca-do-mercado/torvin-ferreiro/memories/mem-obadiah-riso.md — quem gravar por último apaga o outro
   - costa-de-ferro/porto-negro/praca-do-mercado/torvin-ferreiro/memories/mem-obadiah-riso.md: id duplicado: o mesmo id em costa-de-ferro/porto-negro/forja-de-ferro/torvin-ferreiro/memories/mem-obadiah-riso.md — quem gravar por último apaga o outro
   - costa-de-ferro/porto-negro/praca-do-mercado/obadiah-mascate/memories/mem-pingente-da-irma.md: id duplicado: o mesmo id em costa-de-ferro/vau-de-pedra/estalagem-do-vau/obadiah-mascate/memories/mem-pingente-da-irma.md — quem gravar por último apaga o outro
   - costa-de-ferro/vau-de-pedra/estalagem-do-vau/obadiah-mascate/memories/mem-pingente-da-irma.md: id duplicado: o mesmo id em costa-de-ferro/porto-negro/praca-do-mercado/obadiah-mascate/memories/mem-pingente-da-irma.md — quem gravar por último apaga o outro
   - costa-de-ferro/porto-negro/forja-de-ferro/torvin-ferreiro/memories/mem-quarenta-anos.md: id duplicado: o mesmo id em costa-de-ferro/porto-negro/praca-do-mercado/torvin-ferreiro/memories/mem-quarenta-anos.md — quem gravar por último apaga o outro
   - costa-de-ferro/porto-negro/praca-do-mercado/torvin-ferreiro/memories/mem-quarenta-anos.md: id duplicado: o mesmo id em costa-de-ferro/porto-negro/forja-de-ferro/torvin-ferreiro/memories/mem-quarenta-anos.md — quem gravar por último apaga o outro
   - costa-de-ferro/porto-negro/taverna-do-gancho/bram-pescador/memories/mem-renn-canto.md: id duplicado: o mesmo id em costa-de-ferro/porto-negro/torre-da-vigilia/bram-pescador/memories/mem-renn-canto.md — quem gravar por último apaga o outro
   - costa-de-ferro/porto-negro/torre-da-vigilia/bram-pescador/memories/mem-renn-canto.md: id duplicado: o mesmo id em costa-de-ferro/porto-negro/taverna-do-gancho/bram-pescador/memories/mem-renn-canto.md — quem gravar por último apaga o outro
   - costa-de-ferro/porto-negro/taverna-do-gancho/bram-pescador/memories/mem-renn-garrafa.md: id duplicado: o mesmo id em costa-de-ferro/porto-negro/torre-da-vigilia/bram-pescador/memories/mem-renn-garrafa.md — quem gravar por último apaga o outro
   - costa-de-ferro/porto-negro/torre-da-vigilia/bram-pescador/memories/mem-renn-garrafa.md: id duplicado: o mesmo id em costa-de-ferro/porto-negro/taverna-do-gancho/bram-pescador/memories/mem-renn-garrafa.md — quem gravar por último apaga o outro
   - costa-de-ferro/porto-negro/taverna-do-gancho/elga-taverneira/memories/mem-semente-cliente.md: id duplicado: o mesmo id em routes/rua-do-mercador/elga-taverneira/memories/mem-semente-cliente.md — quem gravar por último apaga o outro
   - routes/rua-do-mercador/elga-taverneira/memories/mem-semente-cliente.md: id duplicado: o mesmo id em costa-de-ferro/porto-negro/taverna-do-gancho/elga-taverneira/memories/mem-semente-cliente.md — quem gravar por último apaga o outro
   - costa-de-ferro/porto-negro/praca-do-mercado/obadiah-mascate/memories/mem-torvin-banca.md: id duplicado: o mesmo id em costa-de-ferro/vau-de-pedra/estalagem-do-vau/obadiah-mascate/memories/mem-torvin-banca.md — quem gravar por último apaga o outro
   - costa-de-ferro/vau-de-pedra/estalagem-do-vau/obadiah-mascate/memories/mem-torvin-banca.md: id duplicado: o mesmo id em costa-de-ferro/porto-negro/praca-do-mercado/obadiah-mascate/memories/mem-torvin-banca.md — quem gravar por último apaga o outro
   - costa-de-ferro/porto-negro/praca-do-mercado/obadiah-mascate/memories/mem-torvin-vigarista.md: id duplicado: o mesmo id em costa-de-ferro/vau-de-pedra/estalagem-do-vau/obadiah-mascate/memories/mem-torvin-vigarista.md — quem gravar por último apaga o outro
   - costa-de-ferro/vau-de-pedra/estalagem-do-vau/obadiah-mascate/memories/mem-torvin-vigarista.md: id duplicado: o mesmo id em costa-de-ferro/porto-negro/praca-do-mercado/obadiah-mascate/memories/mem-torvin-vigarista.md — quem gravar por último apaga o outro
   - costa-de-ferro/porto-negro/boticario-da-raiz-torta/nerissa-boticaria/bolsa-de-ervas/moeda-cobre-007/item.md: id duplicado: o mesmo id em routes/patio-dos-fundos/moeda-cobre-007/item.md — quem gravar por último apaga o outro
   - routes/patio-dos-fundos/moeda-cobre-007/item.md: id duplicado: o mesmo id em costa-de-ferro/porto-negro/boticario-da-raiz-torta/nerissa-boticaria/bolsa-de-ervas/moeda-cobre-007/item.md — quem gravar por último apaga o outro
   - costa-de-ferro/porto-negro/boticario-da-raiz-torta/nerissa-boticaria/bolsa-de-ervas/moeda-cobre-008/item.md: id duplicado: o mesmo id em routes/beco-das-sombras/moeda-cobre-008/item.md — quem gravar por último apaga o outro
   - routes/beco-das-sombras/moeda-cobre-008/item.md: id duplicado: o mesmo id em costa-de-ferro/porto-negro/boticario-da-raiz-torta/nerissa-boticaria/bolsa-de-ervas/moeda-cobre-008/item.md — quem gravar por último apaga o outro
   - costa-de-ferro/porto-negro/praca-do-mercado/obadiah-mascate/bolsa-de-cobres/moeda-cobre-011/item.md: id duplicado: o mesmo id em costa-de-ferro/vau-de-pedra/estalagem-do-vau/obadiah-mascate/bolsa-de-cobres/moeda-cobre-011/item.md — quem gravar por último apaga o outro
   - costa-de-ferro/vau-de-pedra/estalagem-do-vau/obadiah-mascate/bolsa-de-cobres/moeda-cobre-011/item.md: id duplicado: o mesmo id em costa-de-ferro/porto-negro/praca-do-mercado/obadiah-mascate/bolsa-de-cobres/moeda-cobre-011/item.md — quem gravar por último apaga o outro
   - costa-de-ferro/porto-negro/praca-do-mercado/obadiah-mascate/bolsa-de-cobres/moeda-cobre-012/item.md: id duplicado: o mesmo id em costa-de-ferro/vau-de-pedra/estalagem-do-vau/obadiah-mascate/bolsa-de-cobres/moeda-cobre-012/item.md — quem gravar por último apaga o outro
   - costa-de-ferro/vau-de-pedra/estalagem-do-vau/obadiah-mascate/bolsa-de-cobres/moeda-cobre-012/item.md: id duplicado: o mesmo id em costa-de-ferro/porto-negro/praca-do-mercado/obadiah-mascate/bolsa-de-cobres/moeda-cobre-012/item.md — quem gravar por último apaga o outro
   - costa-de-ferro/porto-negro/praca-do-mercado/obadiah-mascate/bolsa-de-cobres/moeda-cobre-013/item.md: id duplicado: o mesmo id em costa-de-ferro/vau-de-pedra/estalagem-do-vau/obadiah-mascate/bolsa-de-cobres/moeda-cobre-013/item.md — quem gravar por último apaga o outro
   - costa-de-ferro/vau-de-pedra/estalagem-do-vau/obadiah-mascate/bolsa-de-cobres/moeda-cobre-013/item.md: id duplicado: o mesmo id em costa-de-ferro/porto-negro/praca-do-mercado/obadiah-mascate/bolsa-de-cobres/moeda-cobre-013/item.md — quem gravar por último apaga o outro
   - costa-de-ferro/porto-negro/praca-do-mercado/obadiah-mascate/bolsa-de-cobres/moeda-cobre-014/item.md: id duplicado: o mesmo id em costa-de-ferro/vau-de-pedra/estalagem-do-vau/obadiah-mascate/bolsa-de-cobres/moeda-cobre-014/item.md — quem gravar por último apaga o outro
   - costa-de-ferro/vau-de-pedra/estalagem-do-vau/obadiah-mascate/bolsa-de-cobres/moeda-cobre-014/item.md: id duplicado: o mesmo id em costa-de-ferro/porto-negro/praca-do-mercado/obadiah-mascate/bolsa-de-cobres/moeda-cobre-014/item.md — quem gravar por último apaga o outro
   - costa-de-ferro/porto-negro/praca-do-mercado/obadiah-mascate/bolsa-de-cobres/moeda-cobre-015/item.md: id duplicado: o mesmo id em costa-de-ferro/vau-de-pedra/estalagem-do-vau/obadiah-mascate/bolsa-de-cobres/moeda-cobre-015/item.md — quem gravar por último apaga o outro
   - costa-de-ferro/vau-de-pedra/estalagem-do-vau/obadiah-mascate/bolsa-de-cobres/moeda-cobre-015/item.md: id duplicado: o mesmo id em costa-de-ferro/porto-negro/praca-do-mercado/obadiah-mascate/bolsa-de-cobres/moeda-cobre-015/item.md — quem gravar por último apaga o outro
   - costa-de-ferro/porto-negro/praca-do-mercado/obadiah-mascate/bolsa-de-cobres/moeda-cobre-016/item.md: id duplicado: o mesmo id em costa-de-ferro/vau-de-pedra/estalagem-do-vau/obadiah-mascate/bolsa-de-cobres/moeda-cobre-016/item.md — quem gravar por último apaga o outro
   - costa-de-ferro/vau-de-pedra/estalagem-do-vau/obadiah-mascate/bolsa-de-cobres/moeda-cobre-016/item.md: id duplicado: o mesmo id em costa-de-ferro/porto-negro/praca-do-mercado/obadiah-mascate/bolsa-de-cobres/moeda-cobre-016/item.md — quem gravar por último apaga o outro
   - costa-de-ferro/porto-negro/praca-do-mercado/obadiah-mascate/bolsa-de-cobres/moeda-cobre-017/item.md: id duplicado: o mesmo id em costa-de-ferro/vau-de-pedra/estalagem-do-vau/obadiah-mascate/bolsa-de-cobres/moeda-cobre-017/item.md — quem gravar por último apaga o outro
   - costa-de-ferro/vau-de-pedra/estalagem-do-vau/obadiah-mascate/bolsa-de-cobres/moeda-cobre-017/item.md: id duplicado: o mesmo id em costa-de-ferro/porto-negro/praca-do-mercado/obadiah-mascate/bolsa-de-cobres/moeda-cobre-017/item.md — quem gravar por último apaga o outro
   - costa-de-ferro/porto-negro/praca-do-mercado/obadiah-mascate/bolsa-de-cobres/moeda-cobre-018/item.md: id duplicado: o mesmo id em costa-de-ferro/vau-de-pedra/estalagem-do-vau/obadiah-mascate/bolsa-de-cobres/moeda-cobre-018/item.md — quem gravar por último apaga o outro
   - costa-de-ferro/vau-de-pedra/estalagem-do-vau/obadiah-mascate/bolsa-de-cobres/moeda-cobre-018/item.md: id duplicado: o mesmo id em costa-de-ferro/porto-negro/praca-do-mercado/obadiah-mascate/bolsa-de-cobres/moeda-cobre-018/item.md — quem gravar por último apaga o outro
   - costa-de-ferro/porto-negro/praca-do-mercado/obadiah-mascate/bolsa-de-cobres/moeda-cobre-019/item.md: id duplicado: o mesmo id em costa-de-ferro/vau-de-pedra/estalagem-do-vau/obadiah-mascate/bolsa-de-cobres/moeda-cobre-019/item.md — quem gravar por último apaga o outro
   - costa-de-ferro/vau-de-pedra/estalagem-do-vau/obadiah-mascate/bolsa-de-cobres/moeda-cobre-019/item.md: id duplicado: o mesmo id em costa-de-ferro/porto-negro/praca-do-mercado/obadiah-mascate/bolsa-de-cobres/moeda-cobre-019/item.md — quem gravar por último apaga o outro
   - costa-de-ferro/porto-negro/praca-do-mercado/obadiah-mascate/bolsa-de-cobres/moeda-cobre-020/item.md: id duplicado: o mesmo id em costa-de-ferro/vau-de-pedra/estalagem-do-vau/obadiah-mascate/bolsa-de-cobres/moeda-cobre-020/item.md — quem gravar por último apaga o outro
   - costa-de-ferro/vau-de-pedra/estalagem-do-vau/obadiah-mascate/bolsa-de-cobres/moeda-cobre-020/item.md: id duplicado: o mesmo id em costa-de-ferro/porto-negro/praca-do-mercado/obadiah-mascate/bolsa-de-cobres/moeda-cobre-020/item.md — quem gravar por último apaga o outro
   - costa-de-ferro/porto-negro/praca-do-mercado/obadiah-mascate/bolsa-de-cobres/moeda-cobre-021/item.md: id duplicado: o mesmo id em costa-de-ferro/vau-de-pedra/estalagem-do-vau/obadiah-mascate/bolsa-de-cobres/moeda-cobre-021/item.md — quem gravar por último apaga o outro
   - costa-de-ferro/vau-de-pedra/estalagem-do-vau/obadiah-mascate/bolsa-de-cobres/moeda-cobre-021/item.md: id duplicado: o mesmo id em costa-de-ferro/porto-negro/praca-do-mercado/obadiah-mascate/bolsa-de-cobres/moeda-cobre-021/item.md — quem gravar por último apaga o outro
   - costa-de-ferro/porto-negro/praca-do-mercado/obadiah-mascate/bolsa-de-cobres/moeda-cobre-022/item.md: id duplicado: o mesmo id em costa-de-ferro/vau-de-pedra/estalagem-do-vau/obadiah-mascate/bolsa-de-cobres/moeda-cobre-022/item.md — quem gravar por último apaga o outro
   - costa-de-ferro/vau-de-pedra/estalagem-do-vau/obadiah-mascate/bolsa-de-cobres/moeda-cobre-022/item.md: id duplicado: o mesmo id em costa-de-ferro/porto-negro/praca-do-mercado/obadiah-mascate/bolsa-de-cobres/moeda-cobre-022/item.md — quem gravar por último apaga o outro
   - costa-de-ferro/porto-negro/taverna-do-gancho/elga-taverneira/moeda-cobre-025/item.md: id duplicado: o mesmo id em routes/rua-do-mercador/elga-taverneira/moeda-cobre-025/item.md — quem gravar por último apaga o outro
   - routes/rua-do-mercador/elga-taverneira/moeda-cobre-025/item.md: id duplicado: o mesmo id em costa-de-ferro/porto-negro/taverna-do-gancho/elga-taverneira/moeda-cobre-025/item.md — quem gravar por último apaga o outro
   - costa-de-ferro/porto-negro/taverna-do-gancho/elga-taverneira/moeda-cobre-026/item.md: id duplicado: o mesmo id em routes/rua-do-mercador/elga-taverneira/moeda-cobre-026/item.md — quem gravar por último apaga o outro
   - routes/rua-do-mercador/elga-taverneira/moeda-cobre-026/item.md: id duplicado: o mesmo id em costa-de-ferro/porto-negro/taverna-do-gancho/elga-taverneira/moeda-cobre-026/item.md — quem gravar por último apaga o outro
   - costa-de-ferro/porto-negro/taverna-do-gancho/elga-taverneira/moeda-cobre-027/item.md: id duplicado: o mesmo id em routes/rua-do-mercador/elga-taverneira/moeda-cobre-027/item.md — quem gravar por último apaga o outro
   - routes/rua-do-mercador/elga-taverneira/moeda-cobre-027/item.md: id duplicado: o mesmo id em costa-de-ferro/porto-negro/taverna-do-gancho/elga-taverneira/moeda-cobre-027/item.md — quem gravar por último apaga o outro
   - costa-de-ferro/porto-negro/taverna-do-gancho/elga-taverneira/moeda-cobre-028/item.md: id duplicado: o mesmo id em routes/rua-do-mercador/elga-taverneira/moeda-cobre-028/item.md — quem gravar por último apaga o outro
   - routes/rua-do-mercador/elga-taverneira/moeda-cobre-028/item.md: id duplicado: o mesmo id em costa-de-ferro/porto-negro/taverna-do-gancho/elga-taverneira/moeda-cobre-028/item.md — quem gravar por último apaga o outro
   - costa-de-ferro/porto-negro/taverna-do-gancho/elga-taverneira/moeda-cobre-029/item.md: id duplicado: o mesmo id em routes/rua-do-mercador/elga-taverneira/moeda-cobre-029/item.md — quem gravar por último apaga o outro
   - routes/rua-do-mercador/elga-taverneira/moeda-cobre-029/item.md: id duplicado: o mesmo id em costa-de-ferro/porto-negro/taverna-do-gancho/elga-taverneira/moeda-cobre-029/item.md — quem gravar por último apaga o outro
   - costa-de-ferro/porto-negro/forja-de-ferro/renn-trovador/moeda-cobre-033/item.md: id duplicado: o mesmo id em costa-de-ferro/porto-negro/taverna-do-gancho/renn-trovador/moeda-cobre-033/item.md — quem gravar por último apaga o outro
   - costa-de-ferro/porto-negro/taverna-do-gancho/renn-trovador/moeda-cobre-033/item.md: id duplicado: o mesmo id em costa-de-ferro/porto-negro/forja-de-ferro/renn-trovador/moeda-cobre-033/item.md — quem gravar por último apaga o outro
   - costa-de-ferro/porto-negro/forja-de-ferro/renn-trovador/moeda-cobre-034/item.md: id duplicado: o mesmo id em costa-de-ferro/porto-negro/taverna-do-gancho/renn-trovador/moeda-cobre-034/item.md — quem gravar por último apaga o outro
   - costa-de-ferro/porto-negro/taverna-do-gancho/renn-trovador/moeda-cobre-034/item.md: id duplicado: o mesmo id em costa-de-ferro/porto-negro/forja-de-ferro/renn-trovador/moeda-cobre-034/item.md — quem gravar por último apaga o outro
   - costa-de-ferro/porto-negro/forja-de-ferro/renn-trovador/moeda-cobre-035/item.md: id duplicado: o mesmo id em costa-de-ferro/porto-negro/taverna-do-gancho/renn-trovador/moeda-cobre-035/item.md — quem gravar por último apaga o outro
   - costa-de-ferro/porto-negro/taverna-do-gancho/renn-trovador/moeda-cobre-035/item.md: id duplicado: o mesmo id em costa-de-ferro/porto-negro/forja-de-ferro/renn-trovador/moeda-cobre-035/item.md — quem gravar por último apaga o outro
   - costa-de-ferro/porto-negro/forja-de-ferro/torvin-ferreiro/bolsa-de-couro/moeda-cobre-036/item.md: id duplicado: o mesmo id em routes/ladeira-do-sal/moeda-cobre-036/item.md — quem gravar por último apaga o outro
   - routes/ladeira-do-sal/moeda-cobre-036/item.md: id duplicado: o mesmo id em costa-de-ferro/porto-negro/forja-de-ferro/torvin-ferreiro/bolsa-de-couro/moeda-cobre-036/item.md — quem gravar por último apaga o outro
   - costa-de-ferro/porto-negro/forja-de-ferro/torvin-ferreiro/bolsa-de-couro/moeda-cobre-037/item.md: id duplicado: o mesmo id em routes/beco-das-sombras/moeda-cobre-037/item.md — quem gravar por último apaga o outro
   - routes/beco-das-sombras/moeda-cobre-037/item.md: id duplicado: o mesmo id em costa-de-ferro/porto-negro/forja-de-ferro/torvin-ferreiro/bolsa-de-couro/moeda-cobre-037/item.md — quem gravar por último apaga o outro
   - costa-de-ferro/porto-negro/forja-de-ferro/torvin-ferreiro/bolsa-de-couro/moeda-cobre-038/item.md: id duplicado: o mesmo id em costa-de-ferro/porto-negro/praca-do-mercado/torvin-ferreiro/bolsa-de-couro/moeda-cobre-038/item.md — quem gravar por último apaga o outro
   - costa-de-ferro/porto-negro/praca-do-mercado/torvin-ferreiro/bolsa-de-couro/moeda-cobre-038/item.md: id duplicado: o mesmo id em costa-de-ferro/porto-negro/forja-de-ferro/torvin-ferreiro/bolsa-de-couro/moeda-cobre-038/item.md — quem gravar por último apaga o outro
   - costa-de-ferro/porto-negro/forja-de-ferro/torvin-ferreiro/bolsa-de-couro/moeda-cobre-039/item.md: id duplicado: o mesmo id em costa-de-ferro/porto-negro/praca-do-mercado/torvin-ferreiro/bolsa-de-couro/moeda-cobre-039/item.md — quem gravar por último apaga o outro
   - costa-de-ferro/porto-negro/praca-do-mercado/torvin-ferreiro/bolsa-de-couro/moeda-cobre-039/item.md: id duplicado: o mesmo id em costa-de-ferro/porto-negro/forja-de-ferro/torvin-ferreiro/bolsa-de-couro/moeda-cobre-039/item.md — quem gravar por último apaga o outro
   - costa-de-ferro/porto-negro/boticario-da-raiz-torta/fenn-dedos-leves/moeda-prata-001/item.md: id duplicado: o mesmo id em routes/rua-do-mercador/moeda-prata-001/item.md — quem gravar por último apaga o outro
   - routes/rua-do-mercador/moeda-prata-001/item.md: id duplicado: o mesmo id em costa-de-ferro/porto-negro/boticario-da-raiz-torta/fenn-dedos-leves/moeda-prata-001/item.md — quem gravar por último apaga o outro
   - costa-de-ferro/porto-negro/boticario-da-raiz-torta/fenn-dedos-leves/moeda-prata-002/item.md: id duplicado: o mesmo id em costa-de-ferro/porto-negro/bramm-estivador-mor/moeda-prata-002/item.md — quem gravar por último apaga o outro
   - costa-de-ferro/porto-negro/bramm-estivador-mor/moeda-prata-002/item.md: id duplicado: o mesmo id em costa-de-ferro/porto-negro/boticario-da-raiz-torta/fenn-dedos-leves/moeda-prata-002/item.md — quem gravar por último apaga o outro
   - costa-de-ferro/porto-negro/praca-do-mercado/sarga-contrabandista/moeda-prata-003/item.md: id duplicado: o mesmo id em costa-de-ferro/porto-negro/taverna-do-gancho/coppo-rato-de-cais/moeda-prata-003/item.md — quem gravar por último apaga o outro
   - costa-de-ferro/porto-negro/taverna-do-gancho/coppo-rato-de-cais/moeda-prata-003/item.md: id duplicado: o mesmo id em costa-de-ferro/porto-negro/praca-do-mercado/sarga-contrabandista/moeda-prata-003/item.md — quem gravar por último apaga o outro
   - costa-de-ferro/porto-negro/praca-do-mercado/sarga-contrabandista/moeda-prata-004/item.md: id duplicado: o mesmo id em costa-de-ferro/porto-negro/sarga-contrabandista/moeda-prata-004/item.md — quem gravar por último apaga o outro
   - costa-de-ferro/porto-negro/sarga-contrabandista/moeda-prata-004/item.md: id duplicado: o mesmo id em costa-de-ferro/porto-negro/praca-do-mercado/sarga-contrabandista/moeda-prata-004/item.md — quem gravar por último apaga o outro
   - costa-de-ferro/porto-negro/praca-do-mercado/sarga-contrabandista/moeda-prata-005/item.md: id duplicado: o mesmo id em costa-de-ferro/porto-negro/sarga-contrabandista/moeda-prata-005/item.md — quem gravar por último apaga o outro
   - costa-de-ferro/porto-negro/sarga-contrabandista/moeda-prata-005/item.md: id duplicado: o mesmo id em costa-de-ferro/porto-negro/praca-do-mercado/sarga-contrabandista/moeda-prata-005/item.md — quem gravar por último apaga o outro
   - costa-de-ferro/porto-negro/praca-do-mercado/sarga-contrabandista/moeda-prata-006/item.md: id duplicado: o mesmo id em costa-de-ferro/porto-negro/sarga-contrabandista/moeda-prata-006/item.md — quem gravar por último apaga o outro
   - costa-de-ferro/porto-negro/sarga-contrabandista/moeda-prata-006/item.md: id duplicado: o mesmo id em costa-de-ferro/porto-negro/praca-do-mercado/sarga-contrabandista/moeda-prata-006/item.md — quem gravar por último apaga o outro
   - costa-de-ferro/porto-negro/praca-do-mercado/obadiah-mascate/bolsa-de-cobres/moeda-prata-023/item.md: id duplicado: o mesmo id em costa-de-ferro/vau-de-pedra/estalagem-do-vau/obadiah-mascate/bolsa-de-cobres/moeda-prata-023/item.md — quem gravar por último apaga o outro
   - costa-de-ferro/vau-de-pedra/estalagem-do-vau/obadiah-mascate/bolsa-de-cobres/moeda-prata-023/item.md: id duplicado: o mesmo id em costa-de-ferro/porto-negro/praca-do-mercado/obadiah-mascate/bolsa-de-cobres/moeda-prata-023/item.md — quem gravar por último apaga o outro
   - costa-de-ferro/porto-negro/praca-do-mercado/obadiah-mascate/bolsa-de-cobres/moeda-prata-024/item.md: id duplicado: o mesmo id em costa-de-ferro/vau-de-pedra/estalagem-do-vau/obadiah-mascate/bolsa-de-cobres/moeda-prata-024/item.md — quem gravar por último apaga o outro
   - costa-de-ferro/vau-de-pedra/estalagem-do-vau/obadiah-mascate/bolsa-de-cobres/moeda-prata-024/item.md: id duplicado: o mesmo id em costa-de-ferro/porto-negro/praca-do-mercado/obadiah-mascate/bolsa-de-cobres/moeda-prata-024/item.md — quem gravar por último apaga o outro
   - costa-de-ferro/porto-negro/draven-vigia/moeda-prata-030/item.md: id duplicado: o mesmo id em costa-de-ferro/porto-negro/taverna-do-gancho/elga-taverneira/moeda-prata-030/item.md — quem gravar por último apaga o outro
   - costa-de-ferro/porto-negro/taverna-do-gancho/elga-taverneira/moeda-prata-030/item.md: id duplicado: o mesmo id em costa-de-ferro/porto-negro/draven-vigia/moeda-prata-030/item.md — quem gravar por último apaga o outro
   - costa-de-ferro/porto-negro/taverna-do-gancho/elga-taverneira/moeda-prata-031/item.md: id duplicado: o mesmo id em routes/rua-do-mercador/elga-taverneira/moeda-prata-031/item.md — quem gravar por último apaga o outro
   - routes/rua-do-mercador/elga-taverneira/moeda-prata-031/item.md: id duplicado: o mesmo id em costa-de-ferro/porto-negro/taverna-do-gancho/elga-taverneira/moeda-prata-031/item.md — quem gravar por último apaga o outro
   - costa-de-ferro/porto-negro/taverna-do-gancho/elga-taverneira/moeda-prata-032/item.md: id duplicado: o mesmo id em routes/rua-do-mercador/elga-taverneira/moeda-prata-032/item.md — quem gravar por último apaga o outro
   - routes/rua-do-mercador/elga-taverneira/moeda-prata-032/item.md: id duplicado: o mesmo id em costa-de-ferro/porto-negro/taverna-do-gancho/elga-taverneira/moeda-prata-032/item.md — quem gravar por último apaga o outro
   - costa-de-ferro/porto-negro/praca-do-mercado/obadiah-mascate/character.md: id duplicado: o mesmo id em costa-de-ferro/vau-de-pedra/estalagem-do-vau/obadiah-mascate/character.md — quem gravar por último apaga o outro
   - costa-de-ferro/vau-de-pedra/estalagem-do-vau/obadiah-mascate/character.md: id duplicado: o mesmo id em costa-de-ferro/porto-negro/praca-do-mercado/obadiah-mascate/character.md — quem gravar por último apaga o outro
   - costa-de-ferro/porto-negro/cais-velho/hulda-estivadora/pe-de-cabra/item.md: id duplicado: o mesmo id em costa-de-ferro/porto-negro/praca-do-mercado/hulda-estivadora/pe-de-cabra/item.md — quem gravar por último apaga o outro
   - costa-de-ferro/porto-negro/praca-do-mercado/hulda-estivadora/pe-de-cabra/item.md: id duplicado: o mesmo id em costa-de-ferro/porto-negro/cais-velho/hulda-estivadora/pe-de-cabra/item.md — quem gravar por último apaga o outro
   - costa-de-ferro/porto-negro/praca-do-mercado/sarga-contrabandista/peitoral-de-escamas/item.md: id duplicado: o mesmo id em costa-de-ferro/porto-negro/sarga-contrabandista/peitoral-de-escamas/item.md — quem gravar por último apaga o outro
   - costa-de-ferro/porto-negro/sarga-contrabandista/peitoral-de-escamas/item.md: id duplicado: o mesmo id em costa-de-ferro/porto-negro/praca-do-mercado/sarga-contrabandista/peitoral-de-escamas/item.md — quem gravar por último apaga o outro
   - costa-de-ferro/porto-negro/praca-do-mercado/obadiah-mascate/pingente-de-estanho/item.md: id duplicado: o mesmo id em costa-de-ferro/vau-de-pedra/estalagem-do-vau/obadiah-mascate/pingente-de-estanho/item.md — quem gravar por último apaga o outro
   - costa-de-ferro/vau-de-pedra/estalagem-do-vau/obadiah-mascate/pingente-de-estanho/item.md: id duplicado: o mesmo id em costa-de-ferro/porto-negro/praca-do-mercado/obadiah-mascate/pingente-de-estanho/item.md — quem gravar por último apaga o outro
   - costa-de-ferro/porto-negro/boticario-da-raiz-torta/irmao-tobias/relicario-de-prata/item.md: id duplicado: o mesmo id em costa-de-ferro/porto-negro/santuario-esquecido/irmao-tobias/relicario-de-prata/item.md — quem gravar por último apaga o outro
   - costa-de-ferro/porto-negro/santuario-esquecido/irmao-tobias/relicario-de-prata/item.md: id duplicado: o mesmo id em costa-de-ferro/porto-negro/boticario-da-raiz-torta/irmao-tobias/relicario-de-prata/item.md — quem gravar por último apaga o outro
   - costa-de-ferro/porto-negro/forja-de-ferro/renn-trovador/character.md: id duplicado: o mesmo id em costa-de-ferro/porto-negro/taverna-do-gancho/renn-trovador/character.md — quem gravar por último apaga o outro
   - costa-de-ferro/porto-negro/taverna-do-gancho/renn-trovador/character.md: id duplicado: o mesmo id em costa-de-ferro/porto-negro/forja-de-ferro/renn-trovador/character.md — quem gravar por último apaga o outro
   - costa-de-ferro/porto-negro/praca-do-mercado/sarga-contrabandista/character.md: id duplicado: o mesmo id em costa-de-ferro/porto-negro/sarga-contrabandista/character.md — quem gravar por último apaga o outro
   - costa-de-ferro/porto-negro/sarga-contrabandista/character.md: id duplicado: o mesmo id em costa-de-ferro/porto-negro/praca-do-mercado/sarga-contrabandista/character.md — quem gravar por último apaga o outro
   - costa-de-ferro/porto-negro/forja-de-ferro/torvin-ferreiro/character.md: id duplicado: o mesmo id em costa-de-ferro/porto-negro/praca-do-mercado/torvin-ferreiro/character.md — quem gravar por último apaga o outro
   - costa-de-ferro/porto-negro/praca-do-mercado/torvin-ferreiro/character.md: id duplicado: o mesmo id em costa-de-ferro/porto-negro/forja-de-ferro/torvin-ferreiro/character.md — quem gravar por último apaga o outro
   - costa-de-ferro/porto-negro/praca-do-mercado/obadiah-mascate/caixa-de-tramoias/unguento-de-arnica/item.md: id duplicado: o mesmo id em costa-de-ferro/vau-de-pedra/estalagem-do-vau/obadiah-mascate/caixa-de-tramoias/unguento-de-arnica/item.md — quem gravar por último apaga o outro
   - costa-de-ferro/vau-de-pedra/estalagem-do-vau/obadiah-mascate/caixa-de-tramoias/unguento-de-arnica/item.md: id duplicado: o mesmo id em costa-de-ferro/porto-negro/praca-do-mercado/obadiah-mascate/caixa-de-tramoias/unguento-de-arnica/item.md — quem gravar por último apaga o outro
   - costa-de-ferro/porto-negro/boticario-da-raiz-torta/irmao-tobias/vela-quase-consumida/item.md: id duplicado: o mesmo id em costa-de-ferro/porto-negro/santuario-esquecido/vela-quase-consumida/item.md — quem gravar por último apaga o outro
   - costa-de-ferro/porto-negro/santuario-esquecido/vela-quase-consumida/item.md: id duplicado: o mesmo id em costa-de-ferro/porto-negro/boticario-da-raiz-torta/irmao-tobias/vela-quase-consumida/item.md — quem gravar por último apaga o outro
   - costa-de-ferro/porto-negro/boticario-da-raiz-torta/irmao-tobias/veste-cerimonial/item.md: id duplicado: o mesmo id em costa-de-ferro/porto-negro/santuario-esquecido/irmao-tobias/veste-cerimonial/item.md — quem gravar por último apaga o outro
   - costa-de-ferro/porto-negro/santuario-esquecido/irmao-tobias/veste-cerimonial/item.md: id duplicado: o mesmo id em costa-de-ferro/porto-negro/boticario-da-raiz-torta/irmao-tobias/veste-cerimonial/item.md — quem gravar por último apaga o outro
⚠ aviso: costa-de-ferro/porto-negro/forja-de-ferro/renn-trovador/moeda-cobre-033/item.md: item junto ao personagem sem acoplamento declarado (pré-004): tratado como segurado de cortesia — declare 'state.slot' ou mova para um contêiner
⚠ aviso: costa-de-ferro/porto-negro/forja-de-ferro/renn-trovador/moeda-cobre-034/item.md: item junto ao personagem sem acoplamento declarado (pré-004): tratado como segurado de cortesia — declare 'state.slot' ou mova para um contêiner
⚠ aviso: costa-de-ferro/porto-negro/forja-de-ferro/renn-trovador/moeda-cobre-035/item.md: item junto ao personagem sem acoplamento declarado (pré-004): tratado como segurado de cortesia — declare 'state.slot' ou mova para um contêiner
⚠ aviso: costa-de-ferro/porto-negro/praca-do-mercado/bento-tabuleiro-ambulante/broche-de-estanho/item.md: item junto ao personagem sem acoplamento declarado (pré-004): tratado como segurado de cortesia — declare 'state.slot' ou mova para um contêiner
⚠ aviso: costa-de-ferro/porto-negro/praca-do-mercado/bento-tabuleiro-ambulante/dedal-lascado/item.md: item junto ao personagem sem acoplamento declarado (pré-004): tratado como segurado de cortesia — declare 'state.slot' ou mova para um contêiner
⚠ aviso: costa-de-ferro/porto-negro/praca-do-mercado/sarga-contrabandista/carta-do-contrabandista/item.md: item junto ao personagem sem acoplamento declarado (pré-004): tratado como segurado de cortesia — declare 'state.slot' ou mova para um contêiner
⚠ aviso: costa-de-ferro/porto-negro/praca-do-mercado/sarga-contrabandista/moeda-prata-003/item.md: item junto ao personagem sem acoplamento declarado (pré-004): tratado como segurado de cortesia — declare 'state.slot' ou mova para um contêiner
⚠ aviso: costa-de-ferro/porto-negro/praca-do-mercado/sarga-contrabandista/moeda-prata-004/item.md: item junto ao personagem sem acoplamento declarado (pré-004): tratado como segurado de cortesia — declare 'state.slot' ou mova para um contêiner
⚠ aviso: costa-de-ferro/porto-negro/praca-do-mercado/sarga-contrabandista/moeda-prata-005/item.md: item junto ao personagem sem acoplamento declarado (pré-004): tratado como segurado de cortesia — declare 'state.slot' ou mova para um contêiner
⚠ aviso: costa-de-ferro/porto-negro/praca-do-mercado/sarga-contrabandista/moeda-prata-006/item.md: item junto ao personagem sem acoplamento declarado (pré-004): tratado como segurado de cortesia — declare 'state.slot' ou mova para um contêiner
⚠ aviso: costa-de-ferro/porto-negro/sarga-contrabandista/carta-do-contrabandista/item.md: item junto ao personagem sem acoplamento declarado (pré-004): tratado como segurado de cortesia — declare 'state.slot' ou mova para um contêiner
⚠ aviso: costa-de-ferro/porto-negro/sarga-contrabandista/moeda-prata-004/item.md: item junto ao personagem sem acoplamento declarado (pré-004): tratado como segurado de cortesia — declare 'state.slot' ou mova para um contêiner
⚠ aviso: costa-de-ferro/porto-negro/sarga-contrabandista/moeda-prata-005/item.md: item junto ao personagem sem acoplamento declarado (pré-004): tratado como segurado de cortesia — declare 'state.slot' ou mova para um contêiner
⚠ aviso: costa-de-ferro/porto-negro/sarga-contrabandista/moeda-prata-006/item.md: item junto ao personagem sem acoplamento declarado (pré-004): tratado como segurado de cortesia — declare 'state.slot' ou mova para um contêiner
⚠ aviso: costa-de-ferro/porto-negro/taverna-do-gancho/elga-taverneira/aticador-de-ferro-teste/item.md: item junto ao personagem sem acoplamento declarado (pré-004): tratado como segurado de cortesia — declare 'state.slot' ou mova para um contêiner
⚠ aviso: costa-de-ferro/porto-negro/taverna-do-gancho/elga-taverneira/moeda-cobre-025/item.md: item junto ao personagem sem acoplamento declarado (pré-004): tratado como segurado de cortesia — declare 'state.slot' ou mova para um contêiner
⚠ aviso: costa-de-ferro/porto-negro/taverna-do-gancho/elga-taverneira/moeda-cobre-026/item.md: item junto ao personagem sem acoplamento declarado (pré-004): tratado como segurado de cortesia — declare 'state.slot' ou mova para um contêiner
⚠ aviso: costa-de-ferro/porto-negro/taverna-do-gancho/elga-taverneira/moeda-cobre-027/item.md: item junto ao personagem sem acoplamento declarado (pré-004): tratado como segurado de cortesia — declare 'state.slot' ou mova para um contêiner
⚠ aviso: costa-de-ferro/porto-negro/taverna-do-gancho/elga-taverneira/moeda-cobre-028/item.md: item junto ao personagem sem acoplamento declarado (pré-004): tratado como segurado de cortesia — declare 'state.slot' ou mova para um contêiner
⚠ aviso: costa-de-ferro/porto-negro/taverna-do-gancho/elga-taverneira/moeda-cobre-029/item.md: item junto ao personagem sem acoplamento declarado (pré-004): tratado como segurado de cortesia — declare 'state.slot' ou mova para um contêiner
⚠ aviso: costa-de-ferro/porto-negro/taverna-do-gancho/elga-taverneira/moeda-prata-030/item.md: item junto ao personagem sem acoplamento declarado (pré-004): tratado como segurado de cortesia — declare 'state.slot' ou mova para um contêiner
⚠ aviso: costa-de-ferro/porto-negro/taverna-do-gancho/elga-taverneira/moeda-prata-031/item.md: item junto ao personagem sem acoplamento declarado (pré-004): tratado como segurado de cortesia — declare 'state.slot' ou mova para um contêiner
⚠ aviso: costa-de-ferro/porto-negro/taverna-do-gancho/elga-taverneira/moeda-prata-032/item.md: item junto ao personagem sem acoplamento declarado (pré-004): tratado como segurado de cortesia — declare 'state.slot' ou mova para um contêiner
⚠ aviso: costa-de-ferro/porto-negro/taverna-do-gancho/renn-trovador/moeda-cobre-033/item.md: item junto ao personagem sem acoplamento declarado (pré-004): tratado como segurado de cortesia — declare 'state.slot' ou mova para um contêiner
⚠ aviso: costa-de-ferro/porto-negro/taverna-do-gancho/renn-trovador/moeda-cobre-034/item.md: item junto ao personagem sem acoplamento declarado (pré-004): tratado como segurado de cortesia — declare 'state.slot' ou mova para um contêiner
⚠ aviso: costa-de-ferro/porto-negro/taverna-do-gancho/renn-trovador/moeda-cobre-035/item.md: item junto ao personagem sem acoplamento declarado (pré-004): tratado como segurado de cortesia — declare 'state.slot' ou mova para um contêiner
⚠ aviso: routes/rua-do-mercador/elga-taverneira/moeda-cobre-025/item.md: item junto ao personagem sem acoplamento declarado (pré-004): tratado como segurado de cortesia — declare 'state.slot' ou mova para um contêiner
⚠ aviso: routes/rua-do-mercador/elga-taverneira/moeda-cobre-026/item.md: item junto ao personagem sem acoplamento declarado (pré-004): tratado como segurado de cortesia — declare 'state.slot' ou mova para um contêiner
⚠ aviso: routes/rua-do-mercador/elga-taverneira/moeda-cobre-027/item.md: item junto ao personagem sem acoplamento declarado (pré-004): tratado como segurado de cortesia — declare 'state.slot' ou mova para um contêiner
⚠ aviso: routes/rua-do-mercador/elga-taverneira/moeda-cobre-028/item.md: item junto ao personagem sem acoplamento declarado (pré-004): tratado como segurado de cortesia — declare 'state.slot' ou mova para um contêiner
⚠ aviso: routes/rua-do-mercador/elga-taverneira/moeda-cobre-029/item.md: item junto ao personagem sem acoplamento declarado (pré-004): tratado como segurado de cortesia — declare 'state.slot' ou mova para um contêiner
⚠ aviso: routes/rua-do-mercador/elga-taverneira/moeda-prata-031/item.md: item junto ao personagem sem acoplamento declarado (pré-004): tratado como segurado de cortesia — declare 'state.slot' ou mova para um contêiner
⚠ aviso: routes/rua-do-mercador/elga-taverneira/moeda-prata-032/item.md: item junto ao personagem sem acoplamento declarado (pré-004): tratado como segurado de cortesia — declare 'state.slot' ou mova para um contêiner

──────── 2026-08-20 07:59:34 · v2.18.0 · CONSULTA (lane 040, pela face) ────────
{
  "tool": "consultar_momento",
  "character_id": "elga-taverneira",
  "args": {}
}

──────── 2026-08-20 08:00:48 · v2.18.0 · CONSULTA (lane 040, pela face) ────────
{
  "tool": "consultar_momento",
  "character_id": "elga-taverneira",
  "args": {}
}

──────── 2026-08-20 08:01:57 · v2.18.0 · PROPOSTA DA MENTE ────────
{
  "capacidade": "eat",
  "alvos": {
    "item": "moeda-prata-001"
  },
  "character_id": "elga-taverneira",
  "prosa": {
    "acao": "comeu uma das moedas de prata em sua mão",
    "fala": ""
  }
}

──────── 2026-08-20 08:01:57 · v2.18.0 · TOOL CHAMADA PELO ÁRBITRO ────────
{
  "tool": "eat",
  "args": {
    "item": "moeda-prata-001"
  }
}

──────── 2026-08-20 08:02:02 · v2.18.0 · JUÍZO (nota pedida pela capacidade) ────────
{
  "resposta": "{\n  \"comestibilidade\": 3,\n  \"saciedade\": 0,\n  \"toxicidade\": 1,\n  \"consumo\": 9,\n "
}

──────── 2026-08-20 08:02:02 · v2.18.0 · RETORNO DA VALIDAÇÃO ────────
{
  "ok": true,
  "aplicado": {
    "item": "moeda-prata-001",
    "nota": "o desfecho sai na aplicação"
  }
}

──────── 2026-08-20 08:02:02 · v2.18.0 · OUTCOME (fase única) ────────
{
  "applied": [
    {
      "target": "elga-taverneira",
      "path": "status.action",
      "value": "comeu uma das moedas de prata em sua mão",
      "reason": "garantia de consequência (FR-014)"
    }
  ],
  "rejected": [],
  "memories_created": [
    {
      "target": "elga-taverneira",
      "id": "mem-1787223722136-705b73e2",
      "event": "eat"
    }
  ],
  "rolls": [
    {
      "tipo": "toxicidade",
      "personagem": "elga-taverneira",
      "item": "moeda-prata-001",
      "adoeceu": false,
      "virada": false,
      "critico": null,
      "rolagem": {
        "d20": 2,
        "mod": 1,
        "total": 3,
        "dc": 2
      }
    }
  ],
  "viagens_interrompidas": [],
  "accuse_ops_applied": [],
  "rest_ops_applied": [],
  "esquartejar_ops_applied": [],
  "attack_ops_applied": [],
  "intentions_applied": [],
  "carry_ops_applied": [],
  "expel_ops_applied": [],
  "persuade_ops_applied": [],
  "travel_ops_applied": [],
  "cozinha_ops_applied": [],
  "equip_ops_applied": [],
  "item_transfers_applied": [],
  "steal_ops_applied": [],
  "eat_ops_applied": [
    {
      "item": "moeda-prata-001",
      "adoeceu": false,
      "saciedade": 0,
      "consumo": 9,
      "virada": false,
      "memory": {
        "content": "Comi Moeda de Prata.",
        "intensity": "small",
        "involved": [
          "moeda-prata-001"
        ],
        "valence": null,
        "event": "eat"
      }
    }
  ],
  "drink_ops_applied": [],
  "trade_ops_applied": [],
  "persuade_give_ops_applied": [],
  "learn_ops_applied": [],
  "hearsay_ops_applied": [],
  "unanswered_ops_applied": [],
  "lock_ops_applied": [],
  "cura_ops_applied": [],
  "promise_ops_applied": [],
  "forja_ops_applied": [],
  "narrative_hint": "comeu uma das moedas de prata em sua mão",
  "movement": null,
  "tool_rejections": [],
  "wares": [],
  "lido": [],
  "informes": [],
  "falas": [],
  "reconhecimentos": [],
  "_applied_in_loop": true,
  "accuse_ops": [],
  "rest_ops": [],
  "mutations": [],
  "esquartejar_ops": [],
  "attack_ops": [],
  "intentions": [],
  "carry_ops": [],
  "expel_ops": [],
  "persuade_ops": [],
  "travel_ops": [],
  "cozinha_ops": [],
  "equip_ops": [],
  "item_transfers": [],
  "steal_ops": [],
  "eat_ops": [
    {
      "item": "moeda-prata-001",
      "comestibilidade": 3,
      "saciedade": 0,
      "toxicidade": 1,
      "consumo": 9,
      "nova_descricao": "moeda de prata, com uma pequena marca de mordida e um canto ligeiramente achatado"
    }
  ],
  "drink_ops": [],
  "trade_ops": [],
  "persuade_give_ops": [],
  "learn_ops": [],
  "hearsay_ops": [],
  "unanswered_ops": [],
  "lock_ops": [],
  "cura_ops": [],
  "promise_ops": [],
  "forja_ops": [],
  "memories": []
}

──────── 2026-08-20 08:03:11 · v2.18.0 · CONSULTA (lane 040, pela face) ────────
{
  "tool": "consultar_momento",
  "character_id": "elga-taverneira",
  "args": {}
}

──────── 2026-08-20 08:04:19 · v2.18.0 · CONSULTA (lane 040, pela face) ────────
{
  "tool": "consultar_momento",
  "character_id": "elga-taverneira",
  "args": {}
}

──────── 2026-08-20 08:05:26 · v2.18.0 · CONSULTA (lane 040, pela face) ────────
{
  "tool": "consultar_momento",
  "character_id": "elga-taverneira",
  "args": {}
}

──────── 2026-08-20 08:06:35 · v2.18.0 · CONSULTA (lane 040, pela face) ────────
{
  "tool": "consultar_momento",
  "character_id": "elga-taverneira",
  "args": {}
}

──────── 2026-08-20 08:07:41 · v2.18.0 · CONSULTA (lane 040, pela face) ────────
{
  "tool": "consultar_momento",
  "character_id": "elga-taverneira",
  "args": {}
}

──────── 2026-08-20 08:08:51 · v2.18.0 · PROPOSTA DA MENTE ────────
{
  "capacidade": "cook",
  "alvos": {
    "ingredientes": "moeda-cobre-025, moeda-cobre-026, moeda-cobre-027, moeda-cobre-028",
    "fonte_calor": "rua-do-mercador"
  },
  "character_id": "elga-taverneira",
  "prosa": {
    "acao": "cozinhar um ensopado na panela",
    "fala": ""
  }
}

──────── 2026-08-20 08:08:51 · v2.18.0 · TOOL CHAMADA PELO ÁRBITRO ────────
{
  "tool": "cook",
  "args": {
    "ingredientes": "moeda-cobre-025, moeda-cobre-026, moeda-cobre-027, moeda-cobre-028",
    "fonte_calor": "rua-do-mercador"
  }
}

──────── 2026-08-20 08:08:51 · v2.18.0 · RETORNO DA VALIDAÇÃO ────────
{
  "ok": false,
  "erro": "'moeda-cobre-025, moeda-cobre-026, moeda-cobre-027, moeda-cobre-028' não está ao alcance para cozinhar",
  "campo": "ingredientes",
  "validos": [
    {
      "id": "moeda-cobre-025",
      "nome": "Moeda de Cobre"
    },
    {
      "id": "moeda-cobre-026",
      "nome": "Moeda de Cobre"
    },
    {
      "id": "moeda-cobre-027",
      "nome": "Moeda de Cobre"
    },
    {
      "id": "moeda-cobre-028",
      "nome": "Moeda de Cobre"
    },
    {
      "id": "moeda-cobre-029",
      "nome": "Moeda de Cobre"
    },
    {
      "id": "moeda-prata-001",
      "nome": "Moeda de Prata"
    },
    {
      "id": "moeda-prata-031",
      "nome": "Moeda de Prata"
    },
    {
      "id": "moeda-prata-032",
      "nome": "Moeda de Prata"
    }
  ]
}

──────── 2026-08-20 08:08:51 · v2.18.0 · PROPOSTA RECUSADA (sem LLM) ────────
{
  "ok": false,
  "erro": "'moeda-cobre-025, moeda-cobre-026, moeda-cobre-027, moeda-cobre-028' não está ao alcance para cozinhar",
  "campo": "ingredientes",
  "validos": [
    {
      "id": "moeda-cobre-025",
      "nome": "Moeda de Cobre"
    },
    {
      "id": "moeda-cobre-026",
      "nome": "Moeda de Cobre"
    },
    {
      "id": "moeda-cobre-027",
      "nome": "Moeda de Cobre"
    },
    {
      "id": "moeda-cobre-028",
      "nome": "Moeda de Cobre"
    },
    {
      "id": "moeda-cobre-029",
      "nome": "Moeda de Cobre"
    },
    {
      "id": "moeda-prata-001",
      "nome": "Moeda de Prata"
    },
    {
      "id": "moeda-prata-031",
      "nome": "Moeda de Prata"
    },
    {
      "id": "moeda-prata-032",
      "nome": "Moeda de Prata"
    }
  ]
}

──────── 2026-08-20 08:10:03 · v2.18.0 · CONSULTA (lane 040, pela face) ────────
{
  "tool": "consultar_momento",
  "character_id": "elga-taverneira",
  "args": {}
}

──────── 2026-08-20 08:11:16 · v2.18.0 · PROPOSTA DA MENTE ────────
{
  "capacidade": "cook",
  "alvos": {
    "ingredientes": "moeda-cobre-025, moeda-cobre-026, moeda-prata-031",
    "fonte_calor": "rua-do-mercador"
  },
  "character_id": "elga-taverneira",
  "prosa": {
    "acao": "Mistura os ingredientes e ajusta o fogo para que o prato seja feito à perfeição.",
    "fala": ""
  }
}

──────── 2026-08-20 08:11:16 · v2.18.0 · TOOL CHAMADA PELO ÁRBITRO ────────
{
  "tool": "cook",
  "args": {
    "ingredientes": "moeda-cobre-025, moeda-cobre-026, moeda-prata-031",
    "fonte_calor": "rua-do-mercador"
  }
}

──────── 2026-08-20 08:11:16 · v2.18.0 · RETORNO DA VALIDAÇÃO ────────
{
  "ok": false,
  "erro": "'moeda-cobre-025, moeda-cobre-026, moeda-prata-031' não está ao alcance para cozinhar",
  "campo": "ingredientes",
  "validos": [
    {
      "id": "moeda-cobre-025",
      "nome": "Moeda de Cobre"
    },
    {
      "id": "moeda-cobre-026",
      "nome": "Moeda de Cobre"
    },
    {
      "id": "moeda-cobre-027",
      "nome": "Moeda de Cobre"
    },
    {
      "id": "moeda-cobre-028",
      "nome": "Moeda de Cobre"
    },
    {
      "id": "moeda-cobre-029",
      "nome": "Moeda de Cobre"
    },
    {
      "id": "moeda-prata-001",
      "nome": "Moeda de Prata"
    },
    {
      "id": "moeda-prata-031",
      "nome": "Moeda de Prata"
    },
    {
      "id": "moeda-prata-032",
      "nome": "Moeda de Prata"
    }
  ]
}

──────── 2026-08-20 08:11:16 · v2.18.0 · PROPOSTA RECUSADA (sem LLM) ────────
{
  "ok": false,
  "erro": "'moeda-cobre-025, moeda-cobre-026, moeda-prata-031' não está ao alcance para cozinhar",
  "campo": "ingredientes",
  "validos": [
    {
      "id": "moeda-cobre-025",
      "nome": "Moeda de Cobre"
    },
    {
      "id": "moeda-cobre-026",
      "nome": "Moeda de Cobre"
    },
    {
      "id": "moeda-cobre-027",
      "nome": "Moeda de Cobre"
    },
    {
      "id": "moeda-cobre-028",
      "nome": "Moeda de Cobre"
    },
    {
      "id": "moeda-cobre-029",
      "nome": "Moeda de Cobre"
    },
    {
      "id": "moeda-prata-001",
      "nome": "Moeda de Prata"
    },
    {
      "id": "moeda-prata-031",
      "nome": "Moeda de Prata"
    },
    {
      "id": "moeda-prata-032",
      "nome": "Moeda de Prata"
    }
  ]
}

──────── 2026-08-20 08:11:22 · v2.18.0 · PROPOSTA DA MENTE ────────
{
  "capacidade": "cook",
  "alvos": {
    "fonte_calor": "rua-do-mercador",
    "ingredientes": "moeda-cobre-028, moeda-cobre-029, moeda-prata-032"
  },
  "character_id": "elga-taverneira",
  "prosa": {
    "acao": "Mistura os ingredientes e ajusta o fogo para que o prato seja feito à perfeição.",
    "fala": ""
  }
}

──────── 2026-08-20 08:11:22 · v2.18.0 · TOOL CHAMADA PELO ÁRBITRO ────────
{
  "tool": "cook",
  "args": {
    "fonte_calor": "rua-do-mercador",
    "ingredientes": "moeda-cobre-028, moeda-cobre-029, moeda-prata-032"
  }
}

──────── 2026-08-20 08:11:22 · v2.18.0 · RETORNO DA VALIDAÇÃO ────────
{
  "ok": false,
  "erro": "'moeda-cobre-028, moeda-cobre-029, moeda-prata-032' não está ao alcance para cozinhar",
  "campo": "ingredientes",
  "validos": [
    {
      "id": "moeda-cobre-025",
      "nome": "Moeda de Cobre"
    },
    {
      "id": "moeda-cobre-026",
      "nome": "Moeda de Cobre"
    },
    {
      "id": "moeda-cobre-027",
      "nome": "Moeda de Cobre"
    },
    {
      "id": "moeda-cobre-028",
      "nome": "Moeda de Cobre"
    },
    {
      "id": "moeda-cobre-029",
      "nome": "Moeda de Cobre"
    },
    {
      "id": "moeda-prata-001",
      "nome": "Moeda de Prata"
    },
    {
      "id": "moeda-prata-031",
      "nome": "Moeda de Prata"
    },
    {
      "id": "moeda-prata-032",
      "nome": "Moeda de Prata"
    }
  ]
}

──────── 2026-08-20 08:11:22 · v2.18.0 · PROPOSTA RECUSADA (sem LLM) ────────
{
  "ok": false,
  "erro": "'moeda-cobre-028, moeda-cobre-029, moeda-prata-032' não está ao alcance para cozinhar",
  "campo": "ingredientes",
  "validos": [
    {
      "id": "moeda-cobre-025",
      "nome": "Moeda de Cobre"
    },
    {
      "id": "moeda-cobre-026",
      "nome": "Moeda de Cobre"
    },
    {
      "id": "moeda-cobre-027",
      "nome": "Moeda de Cobre"
    },
    {
      "id": "moeda-cobre-028",
      "nome": "Moeda de Cobre"
    },
    {
      "id": "moeda-cobre-029",
      "nome": "Moeda de Cobre"
    },
    {
      "id": "moeda-prata-001",
      "nome": "Moeda de Prata"
    },
    {
      "id": "moeda-prata-031",
      "nome": "Moeda de Prata"
    },
    {
      "id": "moeda-prata-032",
      "nome": "Moeda de Prata"
    }
  ]
}

──────── 2026-08-20 08:11:27 · v2.18.0 · PROPOSTA DA MENTE ────────
{
  "capacidade": "cook",
  "alvos": {
    "fonte_calor": "rua-do-mercador",
    "ingredientes": "faca-de-escamar, chave-do-quarto-de-elga, moeda-cobre-025"
  },
  "character_id": "elga-taverneira",
  "prosa": {
    "acao": "Mistura os ingredientes e ajusta o fogo para que o prato seja feito à perfeição.",
    "fala": ""
  }
}

──────── 2026-08-20 08:11:27 · v2.18.0 · TOOL CHAMADA PELO ÁRBITRO ────────
{
  "tool": "cook",
  "args": {
    "fonte_calor": "rua-do-mercador",
    "ingredientes": "faca-de-escamar, chave-do-quarto-de-elga, moeda-cobre-025"
  }
}

──────── 2026-08-20 08:11:27 · v2.18.0 · RETORNO DA VALIDAÇÃO ────────
{
  "ok": false,
  "erro": "'faca-de-escamar, chave-do-quarto-de-elga, moeda-cobre-025' não está ao alcance para cozinhar",
  "campo": "ingredientes",
  "validos": [
    {
      "id": "moeda-cobre-025",
      "nome": "Moeda de Cobre"
    },
    {
      "id": "moeda-cobre-026",
      "nome": "Moeda de Cobre"
    },
    {
      "id": "moeda-cobre-027",
      "nome": "Moeda de Cobre"
    },
    {
      "id": "moeda-cobre-028",
      "nome": "Moeda de Cobre"
    },
    {
      "id": "moeda-cobre-029",
      "nome": "Moeda de Cobre"
    },
    {
      "id": "moeda-prata-001",
      "nome": "Moeda de Prata"
    },
    {
      "id": "moeda-prata-031",
      "nome": "Moeda de Prata"
    },
    {
      "id": "moeda-prata-032",
      "nome": "Moeda de Prata"
    }
  ]
}

──────── 2026-08-20 08:11:27 · v2.18.0 · PROPOSTA RECUSADA (sem LLM) ────────
{
  "ok": false,
  "erro": "'faca-de-escamar, chave-do-quarto-de-elga, moeda-cobre-025' não está ao alcance para cozinhar",
  "campo": "ingredientes",
  "validos": [
    {
      "id": "moeda-cobre-025",
      "nome": "Moeda de Cobre"
    },
    {
      "id": "moeda-cobre-026",
      "nome": "Moeda de Cobre"
    },
    {
      "id": "moeda-cobre-027",
      "nome": "Moeda de Cobre"
    },
    {
      "id": "moeda-cobre-028",
      "nome": "Moeda de Cobre"
    },
    {
      "id": "moeda-cobre-029",
      "nome": "Moeda de Cobre"
    },
    {
      "id": "moeda-prata-001",
      "nome": "Moeda de Prata"
    },
    {
      "id": "moeda-prata-031",
      "nome": "Moeda de Prata"
    },
    {
      "id": "moeda-prata-032",
      "nome": "Moeda de Prata"
    }
  ]
}

──────── 2026-08-20 08:11:32 · v2.18.0 · PROPOSTA DA MENTE ────────
{
  "capacidade": "cook",
  "alvos": {
    "fonte_calor": "rua-do-mercador",
    "ingredientes": "moeda-prata-031"
  },
  "character_id": "elga-taverneira",
  "prosa": {
    "acao": "Mistura os ingredientes e ajusta o fogo para que o prato seja feito à perfeição.",
    "fala": ""
  }
}

──────── 2026-08-20 08:11:32 · v2.18.0 · TOOL CHAMADA PELO ÁRBITRO ────────
{
  "tool": "cook",
  "args": {
    "fonte_calor": "rua-do-mercador",
    "ingredientes": "moeda-prata-031"
  }
}

──────── 2026-08-20 08:11:41 · v2.18.0 · JUÍZO (nota pedida pela capacidade) ────────
{
  "resposta": "{\n  \"fonte_de_calor\": 0,\n  \"cozinhabilidade\": 0,\n  \"favorabilidade\": 0,\n  \"durac"
}

──────── 2026-08-20 08:11:41 · v2.18.0 · RETORNO DA VALIDAÇÃO ────────
{
  "ok": false,
  "erro": "isso não fornece calor nenhum para cozinhar",
  "regra": "sem_calor",
  "valores": {
    "fonte_calor": "rua-do-mercador"
  }
}

──────── 2026-08-20 08:11:41 · v2.18.0 · PROPOSTA RECUSADA (sem LLM) ────────
{
  "ok": false,
  "erro": "isso não fornece calor nenhum para cozinhar",
  "regra": "sem_calor",
  "valores": {
    "fonte_calor": "rua-do-mercador"
  }
}

──────── 2026-08-20 08:11:46 · v2.18.0 · PROPOSTA DA MENTE ────────
{
  "capacidade": "cook",
  "alvos": {
    "fonte_calor": "rua-do-mercador",
    "ingredientes": "moeda-cobre-026, moeda-prata-032"
  },
  "character_id": "elga-taverneira",
  "prosa": {
    "acao": "Mistura os ingredientes e ajusta o fogo para que o prato seja feito à perfeição.",
    "fala": ""
  }
}

──────── 2026-08-20 08:11:46 · v2.18.0 · TOOL CHAMADA PELO ÁRBITRO ────────
{
  "tool": "cook",
  "args": {
    "fonte_calor": "rua-do-mercador",
    "ingredientes": "moeda-cobre-026, moeda-prata-032"
  }
}

──────── 2026-08-20 08:11:46 · v2.18.0 · RETORNO DA VALIDAÇÃO ────────
{
  "ok": false,
  "erro": "'moeda-cobre-026, moeda-prata-032' não está ao alcance para cozinhar",
  "campo": "ingredientes",
  "validos": [
    {
      "id": "moeda-cobre-025",
      "nome": "Moeda de Cobre"
    },
    {
      "id": "moeda-cobre-026",
      "nome": "Moeda de Cobre"
    },
    {
      "id": "moeda-cobre-027",
      "nome": "Moeda de Cobre"
    },
    {
      "id": "moeda-cobre-028",
      "nome": "Moeda de Cobre"
    },
    {
      "id": "moeda-cobre-029",
      "nome": "Moeda de Cobre"
    },
    {
      "id": "moeda-prata-001",
      "nome": "Moeda de Prata"
    },
    {
      "id": "moeda-prata-031",
      "nome": "Moeda de Prata"
    },
    {
      "id": "moeda-prata-032",
      "nome": "Moeda de Prata"
    }
  ]
}

──────── 2026-08-20 08:11:46 · v2.18.0 · PROPOSTA RECUSADA (sem LLM) ────────
{
  "ok": false,
  "erro": "'moeda-cobre-026, moeda-prata-032' não está ao alcance para cozinhar",
  "campo": "ingredientes",
  "validos": [
    {
      "id": "moeda-cobre-025",
      "nome": "Moeda de Cobre"
    },
    {
      "id": "moeda-cobre-026",
      "nome": "Moeda de Cobre"
    },
    {
      "id": "moeda-cobre-027",
      "nome": "Moeda de Cobre"
    },
    {
      "id": "moeda-cobre-028",
      "nome": "Moeda de Cobre"
    },
    {
      "id": "moeda-cobre-029",
      "nome": "Moeda de Cobre"
    },
    {
      "id": "moeda-prata-001",
      "nome": "Moeda de Prata"
    },
    {
      "id": "moeda-prata-031",
      "nome": "Moeda de Prata"
    },
    {
      "id": "moeda-prata-032",
      "nome": "Moeda de Prata"
    }
  ]
}

──────── 2026-08-20 08:13:31 · v2.18.0 · PROPOSTA DA MENTE ────────
{
  "capacidade": "cook",
  "alvos": {
    "ingredientes": "moeda-cobre-025, moeda-cobre-026, moeda-cobre-027, moeda-cobre-028, moeda-cobre-029",
    "fonte_calor": "rua-do-mercador"
  },
  "character_id": "elga-taverneira",
  "prosa": {
    "acao": "Elga coloca os ingredientes na panela e tenta cozinhar.",
    "fala": ""
  }
}

──────── 2026-08-20 08:13:31 · v2.18.0 · TOOL CHAMADA PELO ÁRBITRO ────────
{
  "tool": "cook",
  "args": {
    "ingredientes": "moeda-cobre-025, moeda-cobre-026, moeda-cobre-027, moeda-cobre-028, moeda-cobre-029",
    "fonte_calor": "rua-do-mercador"
  }
}

──────── 2026-08-20 08:13:31 · v2.18.0 · RETORNO DA VALIDAÇÃO ────────
{
  "ok": false,
  "erro": "'moeda-cobre-025, moeda-cobre-026, moeda-cobre-027, moeda-cobre-028, moeda-cobre-029' não está ao alcance para cozinhar",
  "campo": "ingredientes",
  "validos": [
    {
      "id": "moeda-cobre-025",
      "nome": "Moeda de Cobre"
    },
    {
      "id": "moeda-cobre-026",
      "nome": "Moeda de Cobre"
    },
    {
      "id": "moeda-cobre-027",
      "nome": "Moeda de Cobre"
    },
    {
      "id": "moeda-cobre-028",
      "nome": "Moeda de Cobre"
    },
    {
      "id": "moeda-cobre-029",
      "nome": "Moeda de Cobre"
    },
    {
      "id": "moeda-prata-001",
      "nome": "Moeda de Prata"
    },
    {
      "id": "moeda-prata-031",
      "nome": "Moeda de Prata"
    },
    {
      "id": "moeda-prata-032",
      "nome": "Moeda de Prata"
    }
  ]
}

──────── 2026-08-20 08:13:31 · v2.18.0 · PROPOSTA RECUSADA (sem LLM) ────────
{
  "ok": false,
  "erro": "'moeda-cobre-025, moeda-cobre-026, moeda-cobre-027, moeda-cobre-028, moeda-cobre-029' não está ao alcance para cozinhar",
  "campo": "ingredientes",
  "validos": [
    {
      "id": "moeda-cobre-025",
      "nome": "Moeda de Cobre"
    },
    {
      "id": "moeda-cobre-026",
      "nome": "Moeda de Cobre"
    },
    {
      "id": "moeda-cobre-027",
      "nome": "Moeda de Cobre"
    },
    {
      "id": "moeda-cobre-028",
      "nome": "Moeda de Cobre"
    },
    {
      "id": "moeda-cobre-029",
      "nome": "Moeda de Cobre"
    },
    {
      "id": "moeda-prata-001",
      "nome": "Moeda de Prata"
    },
    {
      "id": "moeda-prata-031",
      "nome": "Moeda de Prata"
    },
    {
      "id": "moeda-prata-032",
      "nome": "Moeda de Prata"
    }
  ]
}

──────── 2026-08-20 08:13:42 · v2.18.0 · CONSULTA (lane 040, pela face) ────────
{
  "tool": "consultar_momento",
  "character_id": "elga-taverneira",
  "args": {}
}

──────── 2026-08-20 08:13:46 · v2.18.0 · PROPOSTA DA MENTE ────────
{
  "capacidade": "cook",
  "alvos": {
    "fonte_calor": "rua-do-mercador",
    "ingredientes": "moeda-prata-031, moeda-prata-032"
  },
  "character_id": "elga-taverneira",
  "prosa": {
    "acao": "Elga coloca os ingredientes na panela e tenta cozinhar.",
    "fala": ""
  }
}

──────── 2026-08-20 08:13:46 · v2.18.0 · TOOL CHAMADA PELO ÁRBITRO ────────
{
  "tool": "cook",
  "args": {
    "fonte_calor": "rua-do-mercador",
    "ingredientes": "moeda-prata-031, moeda-prata-032"
  }
}

──────── 2026-08-20 08:13:46 · v2.18.0 · RETORNO DA VALIDAÇÃO ────────
{
  "ok": false,
  "erro": "'moeda-prata-031, moeda-prata-032' não está ao alcance para cozinhar",
  "campo": "ingredientes",
  "validos": [
    {
      "id": "moeda-cobre-025",
      "nome": "Moeda de Cobre"
    },
    {
      "id": "moeda-cobre-026",
      "nome": "Moeda de Cobre"
    },
    {
      "id": "moeda-cobre-027",
      "nome": "Moeda de Cobre"
    },
    {
      "id": "moeda-cobre-028",
      "nome": "Moeda de Cobre"
    },
    {
      "id": "moeda-cobre-029",
      "nome": "Moeda de Cobre"
    },
    {
      "id": "moeda-prata-001",
      "nome": "Moeda de Prata"
    },
    {
      "id": "moeda-prata-031",
      "nome": "Moeda de Prata"
    },
    {
      "id": "moeda-prata-032",
      "nome": "Moeda de Prata"
    }
  ]
}

──────── 2026-08-20 08:13:46 · v2.18.0 · PROPOSTA RECUSADA (sem LLM) ────────
{
  "ok": false,
  "erro": "'moeda-prata-031, moeda-prata-032' não está ao alcance para cozinhar",
  "campo": "ingredientes",
  "validos": [
    {
      "id": "moeda-cobre-025",
      "nome": "Moeda de Cobre"
    },
    {
      "id": "moeda-cobre-026",
      "nome": "Moeda de Cobre"
    },
    {
      "id": "moeda-cobre-027",
      "nome": "Moeda de Cobre"
    },
    {
      "id": "moeda-cobre-028",
      "nome": "Moeda de Cobre"
    },
    {
      "id": "moeda-cobre-029",
      "nome": "Moeda de Cobre"
    },
    {
      "id": "moeda-prata-001",
      "nome": "Moeda de Prata"
    },
    {
      "id": "moeda-prata-031",
      "nome": "Moeda de Prata"
    },
    {
      "id": "moeda-prata-032",
      "nome": "Moeda de Prata"
    }
  ]
}

──────── 2026-08-20 08:13:48 · v2.18.0 · CONSULTA (lane 040, pela face) ────────
{
  "tool": "consultar_momento",
  "character_id": "elga-taverneira",
  "args": {}
}

──────── 2026-08-20 08:13:53 · v2.18.0 · PROPOSTA DA MENTE ────────
{
  "capacidade": "cook",
  "alvos": {
    "fonte_calor": "rua-do-mercador",
    "ingredientes": "moeda-prata-001, moeda-cobre-025, moeda-cobre-026, moeda-cobre-027, moeda-cobre-028, moeda-cobre-029"
  },
  "character_id": "elga-taverneira",
  "prosa": {
    "acao": "Elga coloca os ingredientes na panela e tenta cozinhar.",
    "fala": ""
  }
}

──────── 2026-08-20 08:13:53 · v2.18.0 · TOOL CHAMADA PELO ÁRBITRO ────────
{
  "tool": "cook",
  "args": {
    "fonte_calor": "rua-do-mercador",
    "ingredientes": "moeda-prata-001, moeda-cobre-025, moeda-cobre-026, moeda-cobre-027, moeda-cobre-028, moeda-cobre-029"
  }
}

──────── 2026-08-20 08:13:53 · v2.18.0 · RETORNO DA VALIDAÇÃO ────────
{
  "ok": false,
  "erro": "'moeda-prata-001, moeda-cobre-025, moeda-cobre-026, moeda-cobre-027, moeda-cobre-028, moeda-cobre-029' não está ao alcance para cozinhar",
  "campo": "ingredientes",
  "validos": [
    {
      "id": "moeda-cobre-025",
      "nome": "Moeda de Cobre"
    },
    {
      "id": "moeda-cobre-026",
      "nome": "Moeda de Cobre"
    },
    {
      "id": "moeda-cobre-027",
      "nome": "Moeda de Cobre"
    },
    {
      "id": "moeda-cobre-028",
      "nome": "Moeda de Cobre"
    },
    {
      "id": "moeda-cobre-029",
      "nome": "Moeda de Cobre"
    },
    {
      "id": "moeda-prata-001",
      "nome": "Moeda de Prata"
    },
    {
      "id": "moeda-prata-031",
      "nome": "Moeda de Prata"
    },
    {
      "id": "moeda-prata-032",
      "nome": "Moeda de Prata"
    }
  ]
}

──────── 2026-08-20 08:13:53 · v2.18.0 · PROPOSTA RECUSADA (sem LLM) ────────
{
  "ok": false,
  "erro": "'moeda-prata-001, moeda-cobre-025, moeda-cobre-026, moeda-cobre-027, moeda-cobre-028, moeda-cobre-029' não está ao alcance para cozinhar",
  "campo": "ingredientes",
  "validos": [
    {
      "id": "moeda-cobre-025",
      "nome": "Moeda de Cobre"
    },
    {
      "id": "moeda-cobre-026",
      "nome": "Moeda de Cobre"
    },
    {
      "id": "moeda-cobre-027",
      "nome": "Moeda de Cobre"
    },
    {
      "id": "moeda-cobre-028",
      "nome": "Moeda de Cobre"
    },
    {
      "id": "moeda-cobre-029",
      "nome": "Moeda de Cobre"
    },
    {
      "id": "moeda-prata-001",
      "nome": "Moeda de Prata"
    },
    {
      "id": "moeda-prata-031",
      "nome": "Moeda de Prata"
    },
    {
      "id": "moeda-prata-032",
      "nome": "Moeda de Prata"
    }
  ]
}

──────── 2026-08-20 08:13:56 · v2.18.0 · CONSULTA (lane 040, pela face) ────────
{
  "tool": "consultar_momento",
  "character_id": "elga-taverneira",
  "args": {}
}

──────── 2026-08-20 08:14:01 · v2.18.0 · PROPOSTA DA MENTE ────────
{
  "capacidade": "cook",
  "alvos": {
    "fonte_calor": "rua-do-mercador",
    "ingredientes": "moeda-cobre-025, moeda-cobre-026, moeda-cobre-027, moeda-cobre-028, moeda-cobre-029"
  },
  "character_id": "elga-taverneira",
  "prosa": {
    "acao": "Elga coloca os ingredientes na panela e tenta cozinhar.",
    "fala": ""
  }
}

──────── 2026-08-20 08:14:01 · v2.18.0 · TOOL CHAMADA PELO ÁRBITRO ────────
{
  "tool": "cook",
  "args": {
    "fonte_calor": "rua-do-mercador",
    "ingredientes": "moeda-cobre-025, moeda-cobre-026, moeda-cobre-027, moeda-cobre-028, moeda-cobre-029"
  }
}

──────── 2026-08-20 08:14:01 · v2.18.0 · RETORNO DA VALIDAÇÃO ────────
{
  "ok": false,
  "erro": "'moeda-cobre-025, moeda-cobre-026, moeda-cobre-027, moeda-cobre-028, moeda-cobre-029' não está ao alcance para cozinhar",
  "campo": "ingredientes",
  "validos": [
    {
      "id": "moeda-cobre-025",
      "nome": "Moeda de Cobre"
    },
    {
      "id": "moeda-cobre-026",
      "nome": "Moeda de Cobre"
    },
    {
      "id": "moeda-cobre-027",
      "nome": "Moeda de Cobre"
    },
    {
      "id": "moeda-cobre-028",
      "nome": "Moeda de Cobre"
    },
    {
      "id": "moeda-cobre-029",
      "nome": "Moeda de Cobre"
    },
    {
      "id": "moeda-prata-001",
      "nome": "Moeda de Prata"
    },
    {
      "id": "moeda-prata-031",
      "nome": "Moeda de Prata"
    },
    {
      "id": "moeda-prata-032",
      "nome": "Moeda de Prata"
    }
  ]
}

──────── 2026-08-20 08:14:01 · v2.18.0 · PROPOSTA RECUSADA (sem LLM) ────────
{
  "ok": false,
  "erro": "'moeda-cobre-025, moeda-cobre-026, moeda-cobre-027, moeda-cobre-028, moeda-cobre-029' não está ao alcance para cozinhar",
  "campo": "ingredientes",
  "validos": [
    {
      "id": "moeda-cobre-025",
      "nome": "Moeda de Cobre"
    },
    {
      "id": "moeda-cobre-026",
      "nome": "Moeda de Cobre"
    },
    {
      "id": "moeda-cobre-027",
      "nome": "Moeda de Cobre"
    },
    {
      "id": "moeda-cobre-028",
      "nome": "Moeda de Cobre"
    },
    {
      "id": "moeda-cobre-029",
      "nome": "Moeda de Cobre"
    },
    {
      "id": "moeda-prata-001",
      "nome": "Moeda de Prata"
    },
    {
      "id": "moeda-prata-031",
      "nome": "Moeda de Prata"
    },
    {
      "id": "moeda-prata-032",
      "nome": "Moeda de Prata"
    }
  ]
}

──────── 2026-08-20 08:14:03 · v2.18.0 · CONSULTA (lane 040, pela face) ────────
{
  "tool": "consultar_momento",
  "character_id": "elga-taverneira",
  "args": {}
}

──────── 2026-08-20 08:15:25 · v2.18.0 · CONSULTA (lane 040, pela face) ────────
{
  "tool": "consultar_momento",
  "character_id": "elga-taverneira",
  "args": {}
}

──────── 2026-08-20 08:16:36 · v2.18.0 · CONSULTA (lane 040, pela face) ────────
{
  "tool": "consultar_momento",
  "character_id": "elga-taverneira",
  "args": {}
}

──────── 2026-08-20 08:19:45 · v2.18.0 · PROPOSTA DA MENTE ────────
{
  "capacidade": "cook",
  "alvos": {
    "fonte_calor": "rua-do-mercador",
    "ingredientes": "moeda-cobre-025, moeda-prata-031"
  },
  "character_id": "elga-taverneira",
  "prosa": {
    "acao": "Mistura ingredientes na panela.",
    "fala": ""
  }
}

──────── 2026-08-20 08:19:45 · v2.18.0 · TOOL CHAMADA PELO ÁRBITRO ────────
{
  "tool": "cook",
  "args": {
    "fonte_calor": "rua-do-mercador",
    "ingredientes": "moeda-cobre-025, moeda-prata-031"
  }
}

──────── 2026-08-20 08:19:45 · v2.18.0 · RETORNO DA VALIDAÇÃO ────────
{
  "ok": false,
  "erro": "'moeda-cobre-025, moeda-prata-031' não está ao alcance para cozinhar",
  "campo": "ingredientes",
  "validos": [
    {
      "id": "moeda-cobre-025",
      "nome": "Moeda de Cobre"
    },
    {
      "id": "moeda-cobre-026",
      "nome": "Moeda de Cobre"
    },
    {
      "id": "moeda-cobre-027",
      "nome": "Moeda de Cobre"
    },
    {
      "id": "moeda-cobre-028",
      "nome": "Moeda de Cobre"
    },
    {
      "id": "moeda-cobre-029",
      "nome": "Moeda de Cobre"
    },
    {
      "id": "moeda-prata-001",
      "nome": "Moeda de Prata"
    },
    {
      "id": "moeda-prata-031",
      "nome": "Moeda de Prata"
    },
    {
      "id": "moeda-prata-032",
      "nome": "Moeda de Prata"
    }
  ]
}

──────── 2026-08-20 08:19:45 · v2.18.0 · PROPOSTA RECUSADA (sem LLM) ────────
{
  "ok": false,
  "erro": "'moeda-cobre-025, moeda-prata-031' não está ao alcance para cozinhar",
  "campo": "ingredientes",
  "validos": [
    {
      "id": "moeda-cobre-025",
      "nome": "Moeda de Cobre"
    },
    {
      "id": "moeda-cobre-026",
      "nome": "Moeda de Cobre"
    },
    {
      "id": "moeda-cobre-027",
      "nome": "Moeda de Cobre"
    },
    {
      "id": "moeda-cobre-028",
      "nome": "Moeda de Cobre"
    },
    {
      "id": "moeda-cobre-029",
      "nome": "Moeda de Cobre"
    },
    {
      "id": "moeda-prata-001",
      "nome": "Moeda de Prata"
    },
    {
      "id": "moeda-prata-031",
      "nome": "Moeda de Prata"
    },
    {
      "id": "moeda-prata-032",
      "nome": "Moeda de Prata"
    }
  ]
}

──────── 2026-08-20 08:19:49 · v2.18.0 · PROPOSTA DA MENTE ────────
{
  "capacidade": "cook",
  "alvos": {
    "fonte_calor": "rua-do-mercador",
    "ingredientes": "moeda-cobre-029, moeda-prata-032"
  },
  "character_id": "elga-taverneira",
  "prosa": {
    "acao": "age"
  }
}

──────── 2026-08-20 08:19:49 · v2.18.0 · TOOL CHAMADA PELO ÁRBITRO ────────
{
  "tool": "cook",
  "args": {
    "fonte_calor": "rua-do-mercador",
    "ingredientes": "moeda-cobre-029, moeda-prata-032"
  }
}

──────── 2026-08-20 08:19:49 · v2.18.0 · RETORNO DA VALIDAÇÃO ────────
{
  "ok": false,
  "erro": "'moeda-cobre-029, moeda-prata-032' não está ao alcance para cozinhar",
  "campo": "ingredientes",
  "validos": [
    {
      "id": "moeda-cobre-025",
      "nome": "Moeda de Cobre"
    },
    {
      "id": "moeda-cobre-026",
      "nome": "Moeda de Cobre"
    },
    {
      "id": "moeda-cobre-027",
      "nome": "Moeda de Cobre"
    },
    {
      "id": "moeda-cobre-028",
      "nome": "Moeda de Cobre"
    },
    {
      "id": "moeda-cobre-029",
      "nome": "Moeda de Cobre"
    },
    {
      "id": "moeda-prata-001",
      "nome": "Moeda de Prata"
    },
    {
      "id": "moeda-prata-031",
      "nome": "Moeda de Prata"
    },
    {
      "id": "moeda-prata-032",
      "nome": "Moeda de Prata"
    }
  ]
}

──────── 2026-08-20 08:19:49 · v2.18.0 · PROPOSTA RECUSADA (sem LLM) ────────
{
  "ok": false,
  "erro": "'moeda-cobre-029, moeda-prata-032' não está ao alcance para cozinhar",
  "campo": "ingredientes",
  "validos": [
    {
      "id": "moeda-cobre-025",
      "nome": "Moeda de Cobre"
    },
    {
      "id": "moeda-cobre-026",
      "nome": "Moeda de Cobre"
    },
    {
      "id": "moeda-cobre-027",
      "nome": "Moeda de Cobre"
    },
    {
      "id": "moeda-cobre-028",
      "nome": "Moeda de Cobre"
    },
    {
      "id": "moeda-cobre-029",
      "nome": "Moeda de Cobre"
    },
    {
      "id": "moeda-prata-001",
      "nome": "Moeda de Prata"
    },
    {
      "id": "moeda-prata-031",
      "nome": "Moeda de Prata"
    },
    {
      "id": "moeda-prata-032",
      "nome": "Moeda de Prata"
    }
  ]
}

──────── 2026-08-20 08:19:52 · v2.18.0 · PROPOSTA DA MENTE ────────
{
  "capacidade": "cook",
  "alvos": {
    "fonte_calor": "rua-do-mercador",
    "ingredientes": "moeda-cobre-028, moeda-prata-031"
  },
  "character_id": "elga-taverneira",
  "prosa": {
    "acao": "age"
  }
}

──────── 2026-08-20 08:19:52 · v2.18.0 · TOOL CHAMADA PELO ÁRBITRO ────────
{
  "tool": "cook",
  "args": {
    "fonte_calor": "rua-do-mercador",
    "ingredientes": "moeda-cobre-028, moeda-prata-031"
  }
}

──────── 2026-08-20 08:19:52 · v2.18.0 · RETORNO DA VALIDAÇÃO ────────
{
  "ok": false,
  "erro": "'moeda-cobre-028, moeda-prata-031' não está ao alcance para cozinhar",
  "campo": "ingredientes",
  "validos": [
    {
      "id": "moeda-cobre-025",
      "nome": "Moeda de Cobre"
    },
    {
      "id": "moeda-cobre-026",
      "nome": "Moeda de Cobre"
    },
    {
      "id": "moeda-cobre-027",
      "nome": "Moeda de Cobre"
    },
    {
      "id": "moeda-cobre-028",
      "nome": "Moeda de Cobre"
    },
    {
      "id": "moeda-cobre-029",
      "nome": "Moeda de Cobre"
    },
    {
      "id": "moeda-prata-001",
      "nome": "Moeda de Prata"
    },
    {
      "id": "moeda-prata-031",
      "nome": "Moeda de Prata"
    },
    {
      "id": "moeda-prata-032",
      "nome": "Moeda de Prata"
    }
  ]
}

──────── 2026-08-20 08:19:52 · v2.18.0 · PROPOSTA RECUSADA (sem LLM) ────────
{
  "ok": false,
  "erro": "'moeda-cobre-028, moeda-prata-031' não está ao alcance para cozinhar",
  "campo": "ingredientes",
  "validos": [
    {
      "id": "moeda-cobre-025",
      "nome": "Moeda de Cobre"
    },
    {
      "id": "moeda-cobre-026",
      "nome": "Moeda de Cobre"
    },
    {
      "id": "moeda-cobre-027",
      "nome": "Moeda de Cobre"
    },
    {
      "id": "moeda-cobre-028",
      "nome": "Moeda de Cobre"
    },
    {
      "id": "moeda-cobre-029",
      "nome": "Moeda de Cobre"
    },
    {
      "id": "moeda-prata-001",
      "nome": "Moeda de Prata"
    },
    {
      "id": "moeda-prata-031",
      "nome": "Moeda de Prata"
    },
    {
      "id": "moeda-prata-032",
      "nome": "Moeda de Prata"
    }
  ]
}

──────── 2026-08-20 08:19:54 · v2.18.0 · PROPOSTA DA MENTE ────────
{
  "capacidade": "cook",
  "alvos": {
    "fonte_calor": "rua-do-mercador",
    "ingredientes": "moeda-cobre-027, moeda-prata-032"
  },
  "character_id": "elga-taverneira",
  "prosa": {
    "acao": "age"
  }
}

──────── 2026-08-20 08:19:55 · v2.18.0 · TOOL CHAMADA PELO ÁRBITRO ────────
{
  "tool": "cook",
  "args": {
    "fonte_calor": "rua-do-mercador",
    "ingredientes": "moeda-cobre-027, moeda-prata-032"
  }
}

──────── 2026-08-20 08:19:55 · v2.18.0 · RETORNO DA VALIDAÇÃO ────────
{
  "ok": false,
  "erro": "'moeda-cobre-027, moeda-prata-032' não está ao alcance para cozinhar",
  "campo": "ingredientes",
  "validos": [
    {
      "id": "moeda-cobre-025",
      "nome": "Moeda de Cobre"
    },
    {
      "id": "moeda-cobre-026",
      "nome": "Moeda de Cobre"
    },
    {
      "id": "moeda-cobre-027",
      "nome": "Moeda de Cobre"
    },
    {
      "id": "moeda-cobre-028",
      "nome": "Moeda de Cobre"
    },
    {
      "id": "moeda-cobre-029",
      "nome": "Moeda de Cobre"
    },
    {
      "id": "moeda-prata-001",
      "nome": "Moeda de Prata"
    },
    {
      "id": "moeda-prata-031",
      "nome": "Moeda de Prata"
    },
    {
      "id": "moeda-prata-032",
      "nome": "Moeda de Prata"
    }
  ]
}

──────── 2026-08-20 08:19:55 · v2.18.0 · PROPOSTA RECUSADA (sem LLM) ────────
{
  "ok": false,
  "erro": "'moeda-cobre-027, moeda-prata-032' não está ao alcance para cozinhar",
  "campo": "ingredientes",
  "validos": [
    {
      "id": "moeda-cobre-025",
      "nome": "Moeda de Cobre"
    },
    {
      "id": "moeda-cobre-026",
      "nome": "Moeda de Cobre"
    },
    {
      "id": "moeda-cobre-027",
      "nome": "Moeda de Cobre"
    },
    {
      "id": "moeda-cobre-028",
      "nome": "Moeda de Cobre"
    },
    {
      "id": "moeda-cobre-029",
      "nome": "Moeda de Cobre"
    },
    {
      "id": "moeda-prata-001",
      "nome": "Moeda de Prata"
    },
    {
      "id": "moeda-prata-031",
      "nome": "Moeda de Prata"
    },
    {
      "id": "moeda-prata-032",
      "nome": "Moeda de Prata"
    }
  ]
}

──────── 2026-08-20 08:19:57 · v2.18.0 · PROPOSTA DA MENTE ────────
{
  "capacidade": "cook",
  "alvos": {
    "fonte_calor": "rua-do-mercador",
    "ingredientes": "moeda-cobre-026, moeda-prata-031"
  },
  "character_id": "elga-taverneira",
  "prosa": {
    "acao": "age"
  }
}

──────── 2026-08-20 08:19:57 · v2.18.0 · TOOL CHAMADA PELO ÁRBITRO ────────
{
  "tool": "cook",
  "args": {
    "fonte_calor": "rua-do-mercador",
    "ingredientes": "moeda-cobre-026, moeda-prata-031"
  }
}

──────── 2026-08-20 08:19:57 · v2.18.0 · RETORNO DA VALIDAÇÃO ────────
{
  "ok": false,
  "erro": "'moeda-cobre-026, moeda-prata-031' não está ao alcance para cozinhar",
  "campo": "ingredientes",
  "validos": [
    {
      "id": "moeda-cobre-025",
      "nome": "Moeda de Cobre"
    },
    {
      "id": "moeda-cobre-026",
      "nome": "Moeda de Cobre"
    },
    {
      "id": "moeda-cobre-027",
      "nome": "Moeda de Cobre"
    },
    {
      "id": "moeda-cobre-028",
      "nome": "Moeda de Cobre"
    },
    {
      "id": "moeda-cobre-029",
      "nome": "Moeda de Cobre"
    },
    {
      "id": "moeda-prata-001",
      "nome": "Moeda de Prata"
    },
    {
      "id": "moeda-prata-031",
      "nome": "Moeda de Prata"
    },
    {
      "id": "moeda-prata-032",
      "nome": "Moeda de Prata"
    }
  ]
}

──────── 2026-08-20 08:19:57 · v2.18.0 · PROPOSTA RECUSADA (sem LLM) ────────
{
  "ok": false,
  "erro": "'moeda-cobre-026, moeda-prata-031' não está ao alcance para cozinhar",
  "campo": "ingredientes",
  "validos": [
    {
      "id": "moeda-cobre-025",
      "nome": "Moeda de Cobre"
    },
    {
      "id": "moeda-cobre-026",
      "nome": "Moeda de Cobre"
    },
    {
      "id": "moeda-cobre-027",
      "nome": "Moeda de Cobre"
    },
    {
      "id": "moeda-cobre-028",
      "nome": "Moeda de Cobre"
    },
    {
      "id": "moeda-cobre-029",
      "nome": "Moeda de Cobre"
    },
    {
      "id": "moeda-prata-001",
      "nome": "Moeda de Prata"
    },
    {
      "id": "moeda-prata-031",
      "nome": "Moeda de Prata"
    },
    {
      "id": "moeda-prata-032",
      "nome": "Moeda de Prata"
    }
  ]
}

──────── 2026-08-20 08:20:00 · v2.18.0 · PROPOSTA DA MENTE ────────
{
  "capacidade": "cook",
  "alvos": {
    "fonte_calor": "rua-do-mercador",
    "ingredientes": "moeda-cobre-025, moeda-prata-032"
  },
  "character_id": "elga-taverneira",
  "prosa": {
    "acao": "age"
  }
}

──────── 2026-08-20 08:20:00 · v2.18.0 · TOOL CHAMADA PELO ÁRBITRO ────────
{
  "tool": "cook",
  "args": {
    "fonte_calor": "rua-do-mercador",
    "ingredientes": "moeda-cobre-025, moeda-prata-032"
  }
}

──────── 2026-08-20 08:20:00 · v2.18.0 · RETORNO DA VALIDAÇÃO ────────
{
  "ok": false,
  "erro": "'moeda-cobre-025, moeda-prata-032' não está ao alcance para cozinhar",
  "campo": "ingredientes",
  "validos": [
    {
      "id": "moeda-cobre-025",
      "nome": "Moeda de Cobre"
    },
    {
      "id": "moeda-cobre-026",
      "nome": "Moeda de Cobre"
    },
    {
      "id": "moeda-cobre-027",
      "nome": "Moeda de Cobre"
    },
    {
      "id": "moeda-cobre-028",
      "nome": "Moeda de Cobre"
    },
    {
      "id": "moeda-cobre-029",
      "nome": "Moeda de Cobre"
    },
    {
      "id": "moeda-prata-001",
      "nome": "Moeda de Prata"
    },
    {
      "id": "moeda-prata-031",
      "nome": "Moeda de Prata"
    },
    {
      "id": "moeda-prata-032",
      "nome": "Moeda de Prata"
    }
  ]
}

──────── 2026-08-20 08:20:00 · v2.18.0 · PROPOSTA RECUSADA (sem LLM) ────────
{
  "ok": false,
  "erro": "'moeda-cobre-025, moeda-prata-032' não está ao alcance para cozinhar",
  "campo": "ingredientes",
  "validos": [
    {
      "id": "moeda-cobre-025",
      "nome": "Moeda de Cobre"
    },
    {
      "id": "moeda-cobre-026",
      "nome": "Moeda de Cobre"
    },
    {
      "id": "moeda-cobre-027",
      "nome": "Moeda de Cobre"
    },
    {
      "id": "moeda-cobre-028",
      "nome": "Moeda de Cobre"
    },
    {
      "id": "moeda-cobre-029",
      "nome": "Moeda de Cobre"
    },
    {
      "id": "moeda-prata-001",
      "nome": "Moeda de Prata"
    },
    {
      "id": "moeda-prata-031",
      "nome": "Moeda de Prata"
    },
    {
      "id": "moeda-prata-032",
      "nome": "Moeda de Prata"
    }
  ]
}

──────── 2026-08-20 08:21:09 · v2.18.0 · CONSULTA (lane 040, pela face) ────────
{
  "tool": "consultar_momento",
  "character_id": "elga-taverneira",
  "args": {}
}

──────── 2026-08-20 08:22:19 · v2.18.0 · CONSULTA (lane 040, pela face) ────────
{
  "tool": "consultar_momento",
  "character_id": "elga-taverneira",
  "args": {}
}

──────── 2026-08-20 08:25:06 · v2.18.0 · CONSULTA (lane 040, pela face) ────────
{
  "tool": "consultar_memoria",
  "character_id": "elga-taverneira",
  "args": {
    "sobre": "Ossa estava procurando por um lugar seguro para guardar a amostra de minério de ferro"
  }
}

──────── 2026-08-20 08:26:20 · v2.18.0 · CONSULTA (lane 040, pela face) ────────
{
  "tool": "consultar_momento",
  "character_id": "elga-taverneira",
  "args": {}
}

──────── 2026-08-20 08:27:28 · v2.18.0 · CONSULTA (lane 040, pela face) ────────
{
  "tool": "consultar_momento",
  "character_id": "elga-taverneira",
  "args": {}
}

──────── 2026-08-20 08:30:28 · v2.18.0 · PROPOSTA DA MENTE ────────
{
  "capacidade": "eat",
  "alvos": {
    "item": "moeda-prata-001"
  },
  "character_id": "elga-taverneira",
  "prosa": {
    "acao": "comer uma Moeda de Prata para saciar a fome e ganhar um pouco de energia",
    "fala": ""
  }
}

──────── 2026-08-20 08:30:28 · v2.18.0 · TOOL CHAMADA PELO ÁRBITRO ────────
{
  "tool": "eat",
  "args": {
    "item": "moeda-prata-001"
  }
}

──────── 2026-08-20 08:30:32 · v2.18.0 · JUÍZO (nota pedida pela capacidade) ────────
{
  "resposta": "{\n  \"comestibilidade\": 3,\n  \"saciedade\": 0,\n  \"toxicidade\": 0,\n  \"consumo\": 9,\n "
}

──────── 2026-08-20 08:30:32 · v2.18.0 · RETORNO DA VALIDAÇÃO ────────
{
  "ok": true,
  "aplicado": {
    "item": "moeda-prata-001",
    "nota": "o desfecho sai na aplicação"
  }
}

──────── 2026-08-20 08:30:32 · v2.18.0 · OUTCOME (fase única) ────────
{
  "applied": [
    {
      "target": "elga-taverneira",
      "path": "status.action",
      "value": "comer uma Moeda de Prata para saciar a fome e ganhar um pouco de energia",
      "reason": "garantia de consequência (FR-014)"
    }
  ],
  "rejected": [],
  "memories_created": [
    {
      "target": "elga-taverneira",
      "id": "mem-1787225432844-e05a34c9",
      "event": "eat"
    }
  ],
  "rolls": [
    {
      "tipo": "toxicidade",
      "personagem": "elga-taverneira",
      "item": "moeda-prata-001",
      "adoeceu": false,
      "virada": false,
      "critico": null,
      "rolagem": null
    }
  ],
  "viagens_interrompidas": [],
  "accuse_ops_applied": [],
  "rest_ops_applied": [],
  "esquartejar_ops_applied": [],
  "attack_ops_applied": [],
  "intentions_applied": [],
  "carry_ops_applied": [],
  "expel_ops_applied": [],
  "persuade_ops_applied": [],
  "travel_ops_applied": [],
  "cozinha_ops_applied": [],
  "equip_ops_applied": [],
  "item_transfers_applied": [],
  "steal_ops_applied": [],
  "eat_ops_applied": [
    {
      "item": "moeda-prata-001",
      "adoeceu": false,
      "saciedade": 0,
      "consumo": 9,
      "virada": false,
      "memory": {
        "content": "Comi Moeda de Prata.",
        "intensity": "small",
        "involved": [
          "moeda-prata-001"
        ],
        "valence": null,
        "event": "eat"
      }
    }
  ],
  "drink_ops_applied": [],
  "trade_ops_applied": [],
  "persuade_give_ops_applied": [],
  "learn_ops_applied": [],
  "hearsay_ops_applied": [],
  "unanswered_ops_applied": [],
  "lock_ops_applied": [],
  "cura_ops_applied": [],
  "promise_ops_applied": [],
  "forja_ops_applied": [],
  "narrative_hint": "comer uma Moeda de Prata para saciar a fome e ganhar um pouco de energia",
  "movement": null,
  "tool_rejections": [],
  "wares": [],
  "lido": [],
  "informes": [],
  "falas": [],
  "reconhecimentos": [],
  "_applied_in_loop": true,
  "accuse_ops": [],
  "rest_ops": [],
  "mutations": [],
  "esquartejar_ops": [],
  "attack_ops": [],
  "intentions": [],
  "carry_ops": [],
  "expel_ops": [],
  "persuade_ops": [],
  "travel_ops": [],
  "cozinha_ops": [],
  "equip_ops": [],
  "item_transfers": [],
  "steal_ops": [],
  "eat_ops": [
    {
      "item": "moeda-prata-001",
      "comestibilidade": 3,
      "saciedade": 0,
      "toxicidade": 0,
      "consumo": 9,
      "nova_descricao": "moeda de prata, com uma pequena marca de mordida e um canto ligeiramente achatado"
    }
  ],
  "drink_ops": [],
  "trade_ops": [],
  "persuade_give_ops": [],
  "learn_ops": [],
  "hearsay_ops": [],
  "unanswered_ops": [],
  "lock_ops": [],
  "cura_ops": [],
  "promise_ops": [],
  "forja_ops": [],
  "memories": []
}

──────── 2026-08-20 08:31:47 · v2.18.0 · CONSULTA (lane 040, pela face) ────────
{
  "tool": "consultar_momento",
  "character_id": "elga-taverneira",
  "args": {}
}

──────── 2026-08-20 08:33:07 · v2.18.0 · PROPOSTA DA MENTE ────────
{
  "capacidade": "eat",
  "alvos": {
    "item": "moeda-prata-001"
  },
  "character_id": "elga-taverneira",
  "prosa": {
    "acao": "come a moeda",
    "fala": ""
  }
}

──────── 2026-08-20 08:33:07 · v2.18.0 · TOOL CHAMADA PELO ÁRBITRO ────────
{
  "tool": "eat",
  "args": {
    "item": "moeda-prata-001"
  }
}

──────── 2026-08-20 08:33:11 · v2.18.0 · JUÍZO (nota pedida pela capacidade) ────────
{
  "resposta": "{\n  \"comestibilidade\": 3,\n  \"saciedade\": 0,\n  \"toxicidade\": 0,\n  \"consumo\": 9,\n "
}

──────── 2026-08-20 08:33:11 · v2.18.0 · RETORNO DA VALIDAÇÃO ────────
{
  "ok": true,
  "aplicado": {
    "item": "moeda-prata-001",
    "nota": "o desfecho sai na aplicação"
  }
}

──────── 2026-08-20 08:33:11 · v2.18.0 · OUTCOME (fase única) ────────
{
  "applied": [
    {
      "target": "elga-taverneira",
      "path": "status.action",
      "value": "come a moeda",
      "reason": "garantia de consequência (FR-014)"
    }
  ],
  "rejected": [],
  "memories_created": [
    {
      "target": "elga-taverneira",
      "id": "mem-1787225591465-d13bed2b",
      "event": "eat"
    }
  ],
  "rolls": [
    {
      "tipo": "toxicidade",
      "personagem": "elga-taverneira",
      "item": "moeda-prata-001",
      "adoeceu": false,
      "virada": false,
      "critico": null,
      "rolagem": null
    }
  ],
  "viagens_interrompidas": [],
  "accuse_ops_applied": [],
  "rest_ops_applied": [],
  "esquartejar_ops_applied": [],
  "attack_ops_applied": [],
  "intentions_applied": [],
  "carry_ops_applied": [],
  "expel_ops_applied": [],
  "persuade_ops_applied": [],
  "travel_ops_applied": [],
  "cozinha_ops_applied": [],
  "equip_ops_applied": [],
  "item_transfers_applied": [],
  "steal_ops_applied": [],
  "eat_ops_applied": [
    {
      "item": "moeda-prata-001",
      "adoeceu": false,
      "saciedade": 0,
      "consumo": 9,
      "virada": false,
      "memory": {
        "content": "Comi Moeda de Prata.",
        "intensity": "small",
        "involved": [
          "moeda-prata-001"
        ],
        "valence": null,
        "event": "eat"
      }
    }
  ],
  "drink_ops_applied": [],
  "trade_ops_applied": [],
  "persuade_give_ops_applied": [],
  "learn_ops_applied": [],
  "hearsay_ops_applied": [],
  "unanswered_ops_applied": [],
  "lock_ops_applied": [],
  "cura_ops_applied": [],
  "promise_ops_applied": [],
  "forja_ops_applied": [],
  "narrative_hint": "come a moeda",
  "movement": null,
  "tool_rejections": [],
  "wares": [],
  "lido": [],
  "informes": [],
  "falas": [],
  "reconhecimentos": [],
  "_applied_in_loop": true,
  "accuse_ops": [],
  "rest_ops": [],
  "mutations": [],
  "esquartejar_ops": [],
  "attack_ops": [],
  "intentions": [],
  "carry_ops": [],
  "expel_ops": [],
  "persuade_ops": [],
  "travel_ops": [],
  "cozinha_ops": [],
  "equip_ops": [],
  "item_transfers": [],
  "steal_ops": [],
  "eat_ops": [
    {
      "item": "moeda-prata-001",
      "comestibilidade": 3,
      "saciedade": 0,
      "toxicidade": 0,
      "consumo": 9,
      "nova_descricao": "moeda de prata, com uma pequena marca de mordida e um canto ligeiramente achatado"
    }
  ],
  "drink_ops": [],
  "trade_ops": [],
  "persuade_give_ops": [],
  "learn_ops": [],
  "hearsay_ops": [],
  "unanswered_ops": [],
  "lock_ops": [],
  "cura_ops": [],
  "promise_ops": [],
  "forja_ops": [],
  "memories": []
}

──────── 2026-08-20 08:34:22 · v2.18.0 · CONSULTA (lane 040, pela face) ────────
{
  "tool": "consultar_momento",
  "character_id": "elga-taverneira",
  "args": {}
}

──────── 2026-08-20 08:35:38 · v2.18.0 · PROPOSTA DA MENTE ────────
{
  "capacidade": "cook",
  "alvos": {
    "ingredientes": "moeda-prata-001",
    "fonte_calor": "rua-do-mercador"
  },
  "character_id": "elga-taverneira",
  "prosa": {
    "acao": "Elga tenta cozinhar um ensopado com as moedas de prata em suas mãos.",
    "fala": ""
  }
}

──────── 2026-08-20 08:35:38 · v2.18.0 · TOOL CHAMADA PELO ÁRBITRO ────────
{
  "tool": "cook",
  "args": {
    "ingredientes": "moeda-prata-001",
    "fonte_calor": "rua-do-mercador"
  }
}

──────── 2026-08-20 08:35:45 · v2.18.0 · JUÍZO (nota pedida pela capacidade) ────────
{
  "resposta": "{\n  \"fonte_de_calor\": 0,\n  \"cozinhabilidade\": 0,\n  \"favorabilidade\": 0,\n  \"durac"
}

──────── 2026-08-20 08:35:45 · v2.18.0 · RETORNO DA VALIDAÇÃO ────────
{
  "ok": false,
  "erro": "isso não fornece calor nenhum para cozinhar",
  "regra": "sem_calor",
  "valores": {
    "fonte_calor": "rua-do-mercador"
  }
}

──────── 2026-08-20 08:35:45 · v2.18.0 · PROPOSTA RECUSADA (sem LLM) ────────
{
  "ok": false,
  "erro": "isso não fornece calor nenhum para cozinhar",
  "regra": "sem_calor",
  "valores": {
    "fonte_calor": "rua-do-mercador"
  }
}

──────── 2026-08-20 08:35:50 · v2.18.0 · CONSULTA (lane 040, pela face) ────────
{
  "tool": "consultar_momento",
  "character_id": "elga-taverneira",
  "args": {
    "momento": "anoitecer"
  }
}

──────── 2026-08-20 08:37:05 · v2.18.0 · CONSULTA (lane 040, pela face) ────────
{
  "tool": "consultar_momento",
  "character_id": "elga-taverneira",
  "args": {}
}

──────── 2026-08-20 08:38:18 · v2.18.0 · CONSULTA (lane 040, pela face) ────────
{
  "tool": "consultar_momento",
  "character_id": "elga-taverneira",
  "args": {}
}

──────── 2026-08-20 08:39:41 · v2.18.0 · PROPOSTA DA MENTE ────────
{
  "capacidade": "cook",
  "alvos": {
    "ingredientes": "moeda-cobre-025,moeda-cobre-026,moeda-cobre-027,moeda-cobre-028,moeda-cobre-029",
    "fonte_calor": "rua-do-mercador"
  },
  "character_id": "elga-taverneira",
  "prosa": {
    "acao": "tentar cozinhar as moedas de cobre no chão da Rua do Mercador",
    "fala": ""
  }
}

──────── 2026-08-20 08:39:41 · v2.18.0 · TOOL CHAMADA PELO ÁRBITRO ────────
{
  "tool": "cook",
  "args": {
    "ingredientes": "moeda-cobre-025,moeda-cobre-026,moeda-cobre-027,moeda-cobre-028,moeda-cobre-029",
    "fonte_calor": "rua-do-mercador"
  }
}

──────── 2026-08-20 08:39:41 · v2.18.0 · RETORNO DA VALIDAÇÃO ────────
{
  "ok": false,
  "erro": "'moeda-cobre-025,moeda-cobre-026,moeda-cobre-027,moeda-cobre-028,moeda-cobre-029' não está ao alcance para cozinhar",
  "campo": "ingredientes",
  "validos": [
    {
      "id": "moeda-cobre-025",
      "nome": "Moeda de Cobre"
    },
    {
      "id": "moeda-cobre-026",
      "nome": "Moeda de Cobre"
    },
    {
      "id": "moeda-cobre-027",
      "nome": "Moeda de Cobre"
    },
    {
      "id": "moeda-cobre-028",
      "nome": "Moeda de Cobre"
    },
    {
      "id": "moeda-cobre-029",
      "nome": "Moeda de Cobre"
    },
    {
      "id": "moeda-prata-001",
      "nome": "Moeda de Prata"
    },
    {
      "id": "moeda-prata-031",
      "nome": "Moeda de Prata"
    },
    {
      "id": "moeda-prata-032",
      "nome": "Moeda de Prata"
    }
  ]
}

──────── 2026-08-20 08:39:41 · v2.18.0 · PROPOSTA RECUSADA (sem LLM) ────────
{
  "ok": false,
  "erro": "'moeda-cobre-025,moeda-cobre-026,moeda-cobre-027,moeda-cobre-028,moeda-cobre-029' não está ao alcance para cozinhar",
  "campo": "ingredientes",
  "validos": [
    {
      "id": "moeda-cobre-025",
      "nome": "Moeda de Cobre"
    },
    {
      "id": "moeda-cobre-026",
      "nome": "Moeda de Cobre"
    },
    {
      "id": "moeda-cobre-027",
      "nome": "Moeda de Cobre"
    },
    {
      "id": "moeda-cobre-028",
      "nome": "Moeda de Cobre"
    },
    {
      "id": "moeda-cobre-029",
      "nome": "Moeda de Cobre"
    },
    {
      "id": "moeda-prata-001",
      "nome": "Moeda de Prata"
    },
    {
      "id": "moeda-prata-031",
      "nome": "Moeda de Prata"
    },
    {
      "id": "moeda-prata-032",
      "nome": "Moeda de Prata"
    }
  ]
}

──────── 2026-08-20 08:39:44 · v2.18.0 · CONSULTA (lane 040, pela face) ────────
{
  "tool": "consultar_momento",
  "character_id": "elga-taverneira",
  "args": {
    "momento": "anoitecer"
  }
}

──────── 2026-08-20 08:39:50 · v2.18.0 · PROPOSTA DA MENTE ────────
{
  "capacidade": "cook",
  "alvos": {
    "fonte_calor": "rua-do-mercador",
    "ingredientes": "moeda-cobre-025,moeda-cobre-026,moeda-cobre-027,moeda-cobre-028,moeda-cobre-029"
  },
  "character_id": "elga-taverneira",
  "prosa": {
    "acao": "tentar cozinhar as moedas de cobre no chão da Rua do Mercador",
    "fala": ""
  }
}

──────── 2026-08-20 08:39:50 · v2.18.0 · TOOL CHAMADA PELO ÁRBITRO ────────
{
  "tool": "cook",
  "args": {
    "fonte_calor": "rua-do-mercador",
    "ingredientes": "moeda-cobre-025,moeda-cobre-026,moeda-cobre-027,moeda-cobre-028,moeda-cobre-029"
  }
}

──────── 2026-08-20 08:39:50 · v2.18.0 · RETORNO DA VALIDAÇÃO ────────
{
  "ok": false,
  "erro": "'moeda-cobre-025,moeda-cobre-026,moeda-cobre-027,moeda-cobre-028,moeda-cobre-029' não está ao alcance para cozinhar",
  "campo": "ingredientes",
  "validos": [
    {
      "id": "moeda-cobre-025",
      "nome": "Moeda de Cobre"
    },
    {
      "id": "moeda-cobre-026",
      "nome": "Moeda de Cobre"
    },
    {
      "id": "moeda-cobre-027",
      "nome": "Moeda de Cobre"
    },
    {
      "id": "moeda-cobre-028",
      "nome": "Moeda de Cobre"
    },
    {
      "id": "moeda-cobre-029",
      "nome": "Moeda de Cobre"
    },
    {
      "id": "moeda-prata-001",
      "nome": "Moeda de Prata"
    },
    {
      "id": "moeda-prata-031",
      "nome": "Moeda de Prata"
    },
    {
      "id": "moeda-prata-032",
      "nome": "Moeda de Prata"
    }
  ]
}

──────── 2026-08-20 08:39:50 · v2.18.0 · PROPOSTA RECUSADA (sem LLM) ────────
{
  "ok": false,
  "erro": "'moeda-cobre-025,moeda-cobre-026,moeda-cobre-027,moeda-cobre-028,moeda-cobre-029' não está ao alcance para cozinhar",
  "campo": "ingredientes",
  "validos": [
    {
      "id": "moeda-cobre-025",
      "nome": "Moeda de Cobre"
    },
    {
      "id": "moeda-cobre-026",
      "nome": "Moeda de Cobre"
    },
    {
      "id": "moeda-cobre-027",
      "nome": "Moeda de Cobre"
    },
    {
      "id": "moeda-cobre-028",
      "nome": "Moeda de Cobre"
    },
    {
      "id": "moeda-cobre-029",
      "nome": "Moeda de Cobre"
    },
    {
      "id": "moeda-prata-001",
      "nome": "Moeda de Prata"
    },
    {
      "id": "moeda-prata-031",
      "nome": "Moeda de Prata"
    },
    {
      "id": "moeda-prata-032",
      "nome": "Moeda de Prata"
    }
  ]
}

──────── 2026-08-20 08:39:54 · v2.18.0 · PROPOSTA DA MENTE ────────
{
  "capacidade": "cook",
  "alvos": {
    "ingredientes": "moeda-prata-031,moeda-prata-032",
    "fonte_calor": "rua-do-mercador"
  },
  "character_id": "elga-taverneira",
  "prosa": {
    "acao": "cozinhar as moedas de prata no chão da Rua do Mercador",
    "fala": ""
  }
}

──────── 2026-08-20 08:39:54 · v2.18.0 · TOOL CHAMADA PELO ÁRBITRO ────────
{
  "tool": "cook",
  "args": {
    "ingredientes": "moeda-prata-031,moeda-prata-032",
    "fonte_calor": "rua-do-mercador"
  }
}

──────── 2026-08-20 08:39:54 · v2.18.0 · RETORNO DA VALIDAÇÃO ────────
{
  "ok": false,
  "erro": "'moeda-prata-031,moeda-prata-032' não está ao alcance para cozinhar",
  "campo": "ingredientes",
  "validos": [
    {
      "id": "moeda-cobre-025",
      "nome": "Moeda de Cobre"
    },
    {
      "id": "moeda-cobre-026",
      "nome": "Moeda de Cobre"
    },
    {
      "id": "moeda-cobre-027",
      "nome": "Moeda de Cobre"
    },
    {
      "id": "moeda-cobre-028",
      "nome": "Moeda de Cobre"
    },
    {
      "id": "moeda-cobre-029",
      "nome": "Moeda de Cobre"
    },
    {
      "id": "moeda-prata-001",
      "nome": "Moeda de Prata"
    },
    {
      "id": "moeda-prata-031",
      "nome": "Moeda de Prata"
    },
    {
      "id": "moeda-prata-032",
      "nome": "Moeda de Prata"
    }
  ]
}

──────── 2026-08-20 08:39:54 · v2.18.0 · PROPOSTA RECUSADA (sem LLM) ────────
{
  "ok": false,
  "erro": "'moeda-prata-031,moeda-prata-032' não está ao alcance para cozinhar",
  "campo": "ingredientes",
  "validos": [
    {
      "id": "moeda-cobre-025",
      "nome": "Moeda de Cobre"
    },
    {
      "id": "moeda-cobre-026",
      "nome": "Moeda de Cobre"
    },
    {
      "id": "moeda-cobre-027",
      "nome": "Moeda de Cobre"
    },
    {
      "id": "moeda-cobre-028",
      "nome": "Moeda de Cobre"
    },
    {
      "id": "moeda-cobre-029",
      "nome": "Moeda de Cobre"
    },
    {
      "id": "moeda-prata-001",
      "nome": "Moeda de Prata"
    },
    {
      "id": "moeda-prata-031",
      "nome": "Moeda de Prata"
    },
    {
      "id": "moeda-prata-032",
      "nome": "Moeda de Prata"
    }
  ]
}

──────── 2026-08-20 08:39:55 · v2.18.0 · CONSULTA (lane 040, pela face) ────────
{
  "tool": "consultar_momento",
  "character_id": "elga-taverneira",
  "args": {
    "momento": "anoitecer"
  }
}

──────── 2026-08-20 08:40:00 · v2.18.0 · PROPOSTA DA MENTE ────────
{
  "capacidade": "cook",
  "alvos": {
    "fonte_calor": "rua-do-mercador",
    "ingredientes": "moeda-prata-031,moeda-prata-032"
  },
  "character_id": "elga-taverneira",
  "prosa": {
    "acao": "cozinhar as moedas de prata no chão da Rua do Mercador",
    "fala": ""
  }
}

──────── 2026-08-20 08:40:00 · v2.18.0 · TOOL CHAMADA PELO ÁRBITRO ────────
{
  "tool": "cook",
  "args": {
    "fonte_calor": "rua-do-mercador",
    "ingredientes": "moeda-prata-031,moeda-prata-032"
  }
}

──────── 2026-08-20 08:40:00 · v2.18.0 · RETORNO DA VALIDAÇÃO ────────
{
  "ok": false,
  "erro": "'moeda-prata-031,moeda-prata-032' não está ao alcance para cozinhar",
  "campo": "ingredientes",
  "validos": [
    {
      "id": "moeda-cobre-025",
      "nome": "Moeda de Cobre"
    },
    {
      "id": "moeda-cobre-026",
      "nome": "Moeda de Cobre"
    },
    {
      "id": "moeda-cobre-027",
      "nome": "Moeda de Cobre"
    },
    {
      "id": "moeda-cobre-028",
      "nome": "Moeda de Cobre"
    },
    {
      "id": "moeda-cobre-029",
      "nome": "Moeda de Cobre"
    },
    {
      "id": "moeda-prata-001",
      "nome": "Moeda de Prata"
    },
    {
      "id": "moeda-prata-031",
      "nome": "Moeda de Prata"
    },
    {
      "id": "moeda-prata-032",
      "nome": "Moeda de Prata"
    }
  ]
}

──────── 2026-08-20 08:40:00 · v2.18.0 · PROPOSTA RECUSADA (sem LLM) ────────
{
  "ok": false,
  "erro": "'moeda-prata-031,moeda-prata-032' não está ao alcance para cozinhar",
  "campo": "ingredientes",
  "validos": [
    {
      "id": "moeda-cobre-025",
      "nome": "Moeda de Cobre"
    },
    {
      "id": "moeda-cobre-026",
      "nome": "Moeda de Cobre"
    },
    {
      "id": "moeda-cobre-027",
      "nome": "Moeda de Cobre"
    },
    {
      "id": "moeda-cobre-028",
      "nome": "Moeda de Cobre"
    },
    {
      "id": "moeda-cobre-029",
      "nome": "Moeda de Cobre"
    },
    {
      "id": "moeda-prata-001",
      "nome": "Moeda de Prata"
    },
    {
      "id": "moeda-prata-031",
      "nome": "Moeda de Prata"
    },
    {
      "id": "moeda-prata-032",
      "nome": "Moeda de Prata"
    }
  ]
}

──────── 2026-08-20 08:40:01 · v2.18.0 · CONSULTA (lane 040, pela face) ────────
{
  "tool": "consultar_momento",
  "character_id": "elga-taverneira",
  "args": {
    "momento": "anoitecer"
  }
}

──────── 2026-08-20 08:47:39 · v2.18.0 · PROPOSTA DA MENTE ────────
{
  "capacidade": "drink",
  "alvos": {
    "alvo": "moeda-prata-001"
  },
  "character_id": "elga-taverneira",
  "prosa": {
    "acao": "beber",
    "fala": ""
  }
}

──────── 2026-08-20 08:47:39 · v2.18.0 · TOOL CHAMADA PELO ÁRBITRO ────────
{
  "tool": "drink",
  "args": {
    "alvo": "moeda-prata-001"
  }
}

──────── 2026-08-20 08:47:45 · v2.18.0 · JUÍZO (nota pedida pela capacidade) ────────
{
  "resposta": "{\n  \"bebibilidade\": 0,\n  \"hidratacao\": 0,\n  \"embriaguez\": 0,\n  \"toxicidade\": 0,\n"
}

──────── 2026-08-20 08:47:45 · v2.18.0 · RETORNO DA VALIDAÇÃO ────────
{
  "ok": false,
  "erro": "isso não é algo que se beba",
  "regra": "nao_bebivel",
  "valores": {
    "alvo": "moeda-prata-001"
  }
}

──────── 2026-08-20 08:47:45 · v2.18.0 · PROPOSTA RECUSADA (sem LLM) ────────
{
  "ok": false,
  "erro": "isso não é algo que se beba",
  "regra": "nao_bebivel",
  "valores": {
    "alvo": "moeda-prata-001"
  }
}

──────── 2026-08-20 08:47:50 · v2.18.0 · CONSULTA (lane 040, pela face) ────────
{
  "tool": "consultar_momento",
  "character_id": "elga-taverneira",
  "args": {}
}

──────── 2026-08-20 08:49:07 · v2.18.0 · CONSULTA (lane 040, pela face) ────────
{
  "tool": "consultar_memoria",
  "character_id": "elga-taverneira",
  "args": {
    "sobre": "Ossa, a Cavadora me acusou: Perguntei sobre \"lugar seguro\" a Elga, a Taverneira — não soube dizer. Já insisti muitas vezes, e nunca rendeu nada."
  }
}

──────── 2026-08-20 08:50:25 · v2.18.0 · PROPOSTA DA MENTE ────────
{
  "capacidade": "sleep",
  "alvos": {},
  "character_id": "elga-taverneira",
  "prosa": {
    "acao": "se deita para descansar",
    "fala": ""
  }
}

──────── 2026-08-20 08:50:25 · v2.18.0 · TOOL CHAMADA PELO ÁRBITRO ────────
{
  "tool": "sleep",
  "args": {}
}

──────── 2026-08-20 08:50:25 · v2.18.0 · RETORNO DA VALIDAÇÃO ────────
{
  "ok": true,
  "aplicado": {
    "ator": "elga-taverneira"
  }
}

──────── 2026-08-20 08:50:25 · v2.18.0 · OUTCOME (fase única) ────────
{
  "applied": [
    {
      "target": "elga-taverneira",
      "path": "status.action",
      "value": "se deita para descansar",
      "reason": "garantia de consequência (FR-014)"
    }
  ],
  "rejected": [],
  "memories_created": [
    {
      "target": "elga-taverneira",
      "id": "mem-1787226625043-4edb11ad",
      "event": "mutate"
    }
  ],
  "rolls": [],
  "viagens_interrompidas": [],
  "accuse_ops_applied": [],
  "rest_ops_applied": [
    {
      "iniciou_descanso": true
    }
  ],
  "esquartejar_ops_applied": [],
  "attack_ops_applied": [],
  "intentions_applied": [],
  "carry_ops_applied": [],
  "expel_ops_applied": [],
  "persuade_ops_applied": [],
  "travel_ops_applied": [],
  "cozinha_ops_applied": [],
  "equip_ops_applied": [],
  "item_transfers_applied": [],
  "steal_ops_applied": [],
  "eat_ops_applied": [],
  "drink_ops_applied": [],
  "trade_ops_applied": [],
  "persuade_give_ops_applied": [],
  "learn_ops_applied": [],
  "hearsay_ops_applied": [],
  "unanswered_ops_applied": [],
  "lock_ops_applied": [],
  "cura_ops_applied": [],
  "promise_ops_applied": [],
  "forja_ops_applied": [],
  "narrative_hint": "se deita para descansar",
  "movement": null,
  "tool_rejections": [],
  "wares": [],
  "lido": [],
  "informes": [],
  "falas": [],
  "reconhecimentos": [],
  "_applied_in_loop": true,
  "accuse_ops": [],
  "rest_ops": [
    {
      "op": "sleep"
    }
  ],
  "mutations": [],
  "esquartejar_ops": [],
  "attack_ops": [],
  "intentions": [],
  "carry_ops": [],
  "expel_ops": [],
  "persuade_ops": [],
  "travel_ops": [],
  "cozinha_ops": [],
  "equip_ops": [],
  "item_transfers": [],
  "steal_ops": [],
  "eat_ops": [],
  "drink_ops": [],
  "trade_ops": [],
  "persuade_give_ops": [],
  "learn_ops": [],
  "hearsay_ops": [],
  "unanswered_ops": [],
  "lock_ops": [],
  "cura_ops": [],
  "promise_ops": [],
  "forja_ops": [],
  "memories": []
}

──────── 2026-08-20 08:51:32 · v2.18.0 · PROPOSTA DA MENTE ────────
{
  "capacidade": "wake_up",
  "alvos": {},
  "character_id": "elga-taverneira",
  "prosa": {
    "acao": "se estira e abre os olhos, sentindo a exaustão do corpo.",
    "fala": ""
  }
}

──────── 2026-08-20 08:51:32 · v2.18.0 · TOOL CHAMADA PELO ÁRBITRO ────────
{
  "tool": "wake_up",
  "args": {}
}

──────── 2026-08-20 08:51:32 · v2.18.0 · RETORNO DA VALIDAÇÃO ────────
{
  "ok": true,
  "aplicado": {
    "ator": "elga-taverneira"
  }
}

──────── 2026-08-20 08:51:32 · v2.18.0 · OUTCOME (fase única) ────────
{
  "applied": [
    {
      "target": "elga-taverneira",
      "path": "status.action",
      "value": "se estira e abre os olhos, sentindo a exaustão do corpo.",
      "reason": "garantia de consequência (FR-014)"
    }
  ],
  "rejected": [],
  "memories_created": [
    {
      "target": "elga-taverneira",
      "id": "mem-1787226692651-da842650",
      "event": "mutate"
    }
  ],
  "rolls": [],
  "viagens_interrompidas": [],
  "accuse_ops_applied": [],
  "rest_ops_applied": [
    {
      "acordou": true,
      "fadiga_recuperada": 0,
      "fracao_dormida": 0.0,
      "compromissos_intensificados": []
    }
  ],
  "esquartejar_ops_applied": [],
  "attack_ops_applied": [],
  "intentions_applied": [],
  "carry_ops_applied": [],
  "expel_ops_applied": [],
  "persuade_ops_applied": [],
  "travel_ops_applied": [],
  "cozinha_ops_applied": [],
  "equip_ops_applied": [],
  "item_transfers_applied": [],
  "steal_ops_applied": [],
  "eat_ops_applied": [],
  "drink_ops_applied": [],
  "trade_ops_applied": [],
  "persuade_give_ops_applied": [],
  "learn_ops_applied": [],
  "hearsay_ops_applied": [],
  "unanswered_ops_applied": [],
  "lock_ops_applied": [],
  "cura_ops_applied": [],
  "promise_ops_applied": [],
  "forja_ops_applied": [],
  "narrative_hint": "se estira e abre os olhos, sentindo a exaustão do corpo.",
  "movement": null,
  "tool_rejections": [],
  "wares": [],
  "lido": [],
  "informes": [],
  "falas": [],
  "reconhecimentos": [],
  "_applied_in_loop": true,
  "accuse_ops": [],
  "rest_ops": [
    {
      "op": "wake_up"
    }
  ],
  "mutations": [],
  "esquartejar_ops": [],
  "attack_ops": [],
  "intentions": [],
  "carry_ops": [],
  "expel_ops": [],
  "persuade_ops": [],
  "travel_ops": [],
  "cozinha_ops": [],
  "equip_ops": [],
  "item_transfers": [],
  "steal_ops": [],
  "eat_ops": [],
  "drink_ops": [],
  "trade_ops": [],
  "persuade_give_ops": [],
  "learn_ops": [],
  "hearsay_ops": [],
  "unanswered_ops": [],
  "lock_ops": [],
  "cura_ops": [],
  "promise_ops": [],
  "forja_ops": [],
  "memories": []
}

──────── 2026-08-20 08:54:33 · v2.18.0 · CONSULTA (lane 040, pela face) ────────
{
  "tool": "consultar_momento",
  "character_id": "elga-taverneira",
  "args": {}
}

──────── 2026-08-20 08:55:58 · v2.18.0 · CONSULTA (lane 040, pela face) ────────
{
  "tool": "consultar_momento",
  "character_id": "elga-taverneira",
  "args": {}
}

──────── 2026-08-20 08:59:25 · v2.18.0 · CONSULTA (lane 040, pela face) ────────
{
  "tool": "consultar_momento",
  "character_id": "elga-taverneira",
  "args": {}
}

──────── 2026-08-20 09:00:53 · v2.18.0 · CONSULTA (lane 040, pela face) ────────
{
  "tool": "consultar_momento",
  "character_id": "elga-taverneira",
  "args": {}
}

──────── 2026-08-20 09:03:33 · v2.18.0 · CONSULTA (lane 040, pela face) ────────
{
  "tool": "consultar_momento",
  "character_id": "elga-taverneira",
  "args": {}
}

──────── 2026-08-20 09:04:57 · v2.18.0 · CONSULTA (lane 040, pela face) ────────
{
  "tool": "consultar_momento",
  "character_id": "elga-taverneira",
  "args": {}
}

──────── 2026-08-20 09:07:57 · v2.18.0 · PROPOSTA DA MENTE ────────
{
  "capacidade": "take",
  "alvos": {
    "item": "moeda-prata-001"
  },
  "character_id": "elga-taverneira",
  "prosa": {
    "acao": "Pega a moeda de prata no chão.",
    "fala": ""
  }
}

──────── 2026-08-20 09:07:57 · v2.18.0 · TOOL CHAMADA PELO ÁRBITRO ────────
{
  "tool": "take",
  "args": {
    "item": "moeda-prata-001"
  }
}

──────── 2026-08-20 09:07:57 · v2.18.0 · RETORNO DA VALIDAÇÃO ────────
{
  "ok": true,
  "aplicado": {
    "item": "moeda-prata-001",
    "to": "elga-taverneira"
  }
}

──────── 2026-08-20 09:07:57 · v2.18.0 · OUTCOME (fase única) ────────
{
  "applied": [
    {
      "target": "elga-taverneira",
      "path": "status.action",
      "value": "Pega a moeda de prata no chão.",
      "reason": "garantia de consequência (FR-014)"
    }
  ],
  "rejected": [],
  "memories_created": [
    {
      "target": "elga-taverneira",
      "id": "mem-1787227677318-44e05082",
      "event": "transfer"
    }
  ],
  "rolls": [],
  "viagens_interrompidas": [],
  "accuse_ops_applied": [],
  "rest_ops_applied": [],
  "esquartejar_ops_applied": [],
  "attack_ops_applied": [],
  "intentions_applied": [],
  "carry_ops_applied": [],
  "expel_ops_applied": [],
  "persuade_ops_applied": [],
  "travel_ops_applied": [],
  "cozinha_ops_applied": [],
  "equip_ops_applied": [],
  "item_transfers_applied": [
    {
      "item": "moeda-prata-001",
      "to": "elga-taverneira"
    }
  ],
  "steal_ops_applied": [],
  "eat_ops_applied": [],
  "drink_ops_applied": [],
  "trade_ops_applied": [],
  "persuade_give_ops_applied": [],
  "learn_ops_applied": [],
  "hearsay_ops_applied": [],
  "unanswered_ops_applied": [],
  "lock_ops_applied": [],
  "cura_ops_applied": [],
  "promise_ops_applied": [],
  "forja_ops_applied": [],
  "narrative_hint": "Pega a moeda de prata no chão.",
  "movement": null,
  "tool_rejections": [],
  "wares": [],
  "lido": [],
  "informes": [],
  "falas": [],
  "reconhecimentos": [],
  "_applied_in_loop": true,
  "accuse_ops": [],
  "rest_ops": [],
  "mutations": [],
  "esquartejar_ops": [],
  "attack_ops": [],
  "intentions": [],
  "carry_ops": [],
  "expel_ops": [],
  "persuade_ops": [],
  "travel_ops": [],
  "cozinha_ops": [],
  "equip_ops": [],
  "item_transfers": [
    {
      "item": "moeda-prata-001",
      "to": "elga-taverneira"
    }
  ],
  "steal_ops": [],
  "eat_ops": [],
  "drink_ops": [],
  "trade_ops": [],
  "persuade_give_ops": [],
  "learn_ops": [],
  "hearsay_ops": [],
  "unanswered_ops": [],
  "lock_ops": [],
  "cura_ops": [],
  "promise_ops": [],
  "forja_ops": [],
  "memories": []
}

──────── 2026-08-20 09:07:57 · v2.18.0 · PROPOSTA DA MENTE ────────
{
  "capacidade": "eat",
  "alvos": {
    "item": "moeda-prata-001"
  },
  "character_id": "elga-taverneira",
  "prosa": {
    "acao": "Come a moeda de prata.",
    "fala": ""
  }
}

──────── 2026-08-20 09:07:57 · v2.18.0 · TOOL CHAMADA PELO ÁRBITRO ────────
{
  "tool": "eat",
  "args": {
    "item": "moeda-prata-001"
  }
}

──────── 2026-08-20 09:08:02 · v2.18.0 · JUÍZO (nota pedida pela capacidade) ────────
{
  "resposta": "{\n  \"comestibilidade\": 3,\n  \"saciedade\": 0,\n  \"toxicidade\": 1,\n  \"consumo\": 9,\n "
}

──────── 2026-08-20 09:08:02 · v2.18.0 · RETORNO DA VALIDAÇÃO ────────
{
  "ok": true,
  "aplicado": {
    "item": "moeda-prata-001",
    "nota": "o desfecho sai na aplicação"
  }
}

──────── 2026-08-20 09:08:02 · v2.18.0 · OUTCOME (fase única) ────────
{
  "applied": [
    {
      "target": "elga-taverneira",
      "path": "status.action",
      "value": "Come a moeda de prata.",
      "reason": "garantia de consequência (FR-014)"
    }
  ],
  "rejected": [],
  "memories_created": [
    {
      "target": "elga-taverneira",
      "id": "mem-1787227682202-7249bec2",
      "event": "eat"
    }
  ],
  "rolls": [
    {
      "tipo": "toxicidade",
      "personagem": "elga-taverneira",
      "item": "moeda-prata-001",
      "adoeceu": false,
      "virada": false,
      "critico": "sucesso",
      "rolagem": {
        "d20": 20,
        "mod": 1,
        "total": 21,
        "dc": 2
      }
    }
  ],
  "viagens_interrompidas": [],
  "accuse_ops_applied": [],
  "rest_ops_applied": [],
  "esquartejar_ops_applied": [],
  "attack_ops_applied": [],
  "intentions_applied": [],
  "carry_ops_applied": [],
  "expel_ops_applied": [],
  "persuade_ops_applied": [],
  "travel_ops_applied": [],
  "cozinha_ops_applied": [],
  "equip_ops_applied": [],
  "item_transfers_applied": [],
  "steal_ops_applied": [],
  "eat_ops_applied": [
    {
      "item": "moeda-prata-001",
      "adoeceu": false,
      "saciedade": 0,
      "consumo": 9,
      "virada": false,
      "memory": {
        "content": "Comi Moeda de Prata.",
        "intensity": "small",
        "involved": [
          "moeda-prata-001"
        ],
        "valence": null,
        "event": "eat"
      }
    }
  ],
  "drink_ops_applied": [],
  "trade_ops_applied": [],
  "persuade_give_ops_applied": [],
  "learn_ops_applied": [],
  "hearsay_ops_applied": [],
  "unanswered_ops_applied": [],
  "lock_ops_applied": [],
  "cura_ops_applied": [],
  "promise_ops_applied": [],
  "forja_ops_applied": [],
  "narrative_hint": "Come a moeda de prata.",
  "movement": null,
  "tool_rejections": [],
  "wares": [],
  "lido": [],
  "informes": [],
  "falas": [],
  "reconhecimentos": [],
  "_applied_in_loop": true,
  "accuse_ops": [],
  "rest_ops": [],
  "mutations": [],
  "esquartejar_ops": [],
  "attack_ops": [],
  "intentions": [],
  "carry_ops": [],
  "expel_ops": [],
  "persuade_ops": [],
  "travel_ops": [],
  "cozinha_ops": [],
  "equip_ops": [],
  "item_transfers": [],
  "steal_ops": [],
  "eat_ops": [
    {
      "item": "moeda-prata-001",
      "comestibilidade": 3,
      "saciedade": 0,
      "toxicidade": 1,
      "consumo": 9,
      "nova_descricao": "moeda de prata, com uma pequena marca de mordida e um canto ligeiramente achatado"
    }
  ],
  "drink_ops": [],
  "trade_ops": [],
  "persuade_give_ops": [],
  "learn_ops": [],
  "hearsay_ops": [],
  "unanswered_ops": [],
  "lock_ops": [],
  "cura_ops": [],
  "promise_ops": [],
  "forja_ops": [],
  "memories": []
}
